0,1,2,3,4,5,6,7,8
0.0010683760683760685,0.0,0.0,0.0,0.0,0.0,0.0,0.0,0.0
0.0,0.020972780008924587,0.0,0.0,0.0,0.0,0.0,0.0,0.0
0.0,0.0,0.11538461538461539,0.0,0.0,0.0,0.0,0.0,0.0
0.0010683760683760685,0.0,0.0,0.0,0.0,0.0,0.0,0.0,0.0
0.0,0.0031236055332440876,0.0,0.0,0.0,0.0,0.0,0.0,0.0
0.0,0.0022311468094600626,0.0,0.0,0.0,0.0,0.0,0.0,0.0
0.0,0.011601963409192326,0.0,0.0,0.0,0.0,0.0,0.0,0.0
0.0,0.0,0.0,0.003481894150417827,0.0,0.0,0.0,0.0,0.0
0.0,0.011601963409192326,0.0,0.0,0.0,0.0,0.0,0.0,0.0
0.0014245014245014246,0.0,0.0,0.0,0.0,0.0,0.0,0.0,0.0
0.0,0.0,0.0,0.0,0.006099885627144491,0.0,0.0,0.0,0.0
0.0,0.0,0.0,0.0,0.02249332825009531,0.0,0.0,0.0,0.0
0.0,0.0,0.0,0.0,0.002287457110179184,0.0,0.0,0.0,0.0
0.0,0.0,0.0,0.0,0.0,0.013557483731019523,0.0,0.0,0.0
0.0,0.0,0.0,0.0,0.0,0.0,0.005688282138794084,0.0,0.0
0.0,0.0,0.006593406593406593,0.0,0.0,0.0,0.0,0.0,0.0
0.0,0.03435966086568496,0.0,0.0,0.0,0.0,0.0,0.0,0.0
0.0,0.0,0.0,0.0,0.0041936713686618375,0.0,0.0,0.0,0.0
0.0,0.0,0.0,0.0,0.02706824247045368,0.0,0.0,0.0,0.0
0.0,0.0,0.0,0.0,0.010293556995806329,0.0,0.0,0.0,0.0
0.0,0.0,0.0032967032967032967,0.0,0.0,0.0,0.0,0.0,0.0
0.0,0.0,0.013873626373626373,0.0,0.0,0.0,0.0,0.0,0.0
0.0,0.0,0.0,0.0,0.0,0.0,0.0,0.10443037974683544,0.0
0.0,0.0,0.0,0.0,0.0,0.0,0.0,0.07871835443037975,0.0
0.0,0.0,0.11593406593406594,0.0,0.0,0.0,0.0,0.0,0.0
0.0,0.0,0.0,0.0,0.004956157072054899,0.0,0.0,0.0,0.0
0.0,0.0,0.0,0.02985724233983287,0.0,0.0,0.0,0.0,0.0
0.0,0.0,0.006593406593406593,0.0,0.0,0.0,0.0,0.0,0.0
0.0,0.0,0.0,0.0,0.0,0.0,0.0,0.04272151898734177,0.0
0.0,0.0,0.007142857142857143,0.0,0.0,0.0,0.0,0.0,0.0
0.0,0.0,0.0,0.0,0.020968356843309187,0.0,0.0,0.0,0.0
0.0,0.0,0.0,0.0,0.0,0.0,0.0,0.0,0.004044489383215369
0.0,0.0,0.046703296703296704,0.0,0.0,0.0,0.0,0.0,0.0
0.0,0.0,0.01304945054945055,0.0,0.0,0.0,0.0,0.0,0.0
0.0,0.0,0.0,0.0,0.0,0.0,0.0,0.0,0.006319514661274014
0.0,0.0,0.0,0.0,0.0030499428135722455,0.0,0.0,0.0,0.0
0.1525997150997151,0.0,0.0,0.0,0.0,0.0,0.0,0.0,0.0
0.0,0.0,0.0,0.0012186629526462396,0.0,0.0,0.0,0.0,0.0
0.0,0.0,0.0,0.001915041782729805,0.0,0.0,0.0,0.0,0.0
0.0,0.0,0.0,0.0,0.0019062142584826535,0.0,0.0,0.0,0.0
0.0,0.0,0.0,0.0,0.004574914220358368,0.0,0.0,0.0,0.0
0.0,0.0,0.0,0.006180362116991644,0.0,0.0,0.0,0.0,0.0
0.0,0.0,0.0,0.02237116991643454,0.0,0.0,0.0,0.0,0.0
0.0,0.0,0.0,0.0,0.0,0.0,0.0,0.0,0.004802831142568251
0.0,0.0,0.0,0.0,0.0,0.0,0.0022753128555176336,0.0,0.0
0.0,0.0,0.0,0.0,0.0019062142584826535,0.0,0.0,0.0,0.0
0.0,0.0,0.0,0.0,0.0,0.0,0.0,0.0,0.05813953488372093
0.0,0.0,0.0,0.0,0.0,0.0,0.0,0.015031645569620253,0.0
0.0,0.0,0.0,0.0,0.0,0.0,0.0,0.0,0.0012639029322548028
0.0,0.0,0.0,0.0,0.010293556995806329,0.0,0.0,0.0,0.0
0.0,0.0,0.0,0.0,0.006481128478841022,0.0,0.0,0.0,0.0
0.0,0.0,0.0,0.0,0.0,0.0,0.0,0.0,0.0012639029322548028
0.0,0.0,0.0,0.0,0.0,0.0,0.0,0.0,0.020980788675429726
0.0,0.0,0.0,0.0,0.0,0.003796095444685466,0.0,0.0,0.0
0.005698005698005698,0.0,0.0,0.0,0.0,0.0,0.0,0.0,0.0
0.0,0.0,0.0,0.0,0.0,0.0,0.013651877133105802,0.0,0.0
0.007834757834757835,0.0,0.0,0.0,0.0,0.0,0.0,0.0,0.0
0.0,0.0,0.0,0.0,0.0,0.0,0.012798634812286689,0.0,0.0
0.0,0.0,0.0,0.021413649025069637,0.0,0.0,0.0,0.0,0.0
0.0,0.0,0.0,0.011142061281337047,0.0,0.0,0.0,0.0,0.0
0.0,0.0,0.00467032967032967,0.0,0.0,0.0,0.0,0.0,0.0
0.0,0.0,0.0,0.002785515320334262,0.0,0.0,0.0,0.0,0.0
0.0,0.0,0.0,0.0,0.0,0.0,0.002559726962457338,0.0,0.0
0.0,0.0,0.0,0.0,0.0,0.0,0.017918088737201365,0.0,0.0
0.05163817663817664,0.0,0.0,0.0,0.0,0.0,0.0,0.0,0.0
0.0,0.012048192771084338,0.0,0.0,0.0,0.0,0.0,0.0,0.0
0.0,0.0,0.0,0.0,0.008387342737323675,0.0,0.0,0.0,0.0
0.0,0.0,0.0,0.0,0.0,0.023318872017353578,0.0,0.0,0.0
0.0,0.0,0.0,0.0,0.0,0.0,0.0019908987485779293,0.0,0.0
0.0,0.0,0.010164835164835165,0.0,0.0,0.0,0.0,0.0,0.0
0.0,0.0,0.008104395604395605,0.0,0.0,0.0,0.0,0.0,0.0
0.0,0.0,0.0,0.0,0.0,0.0,0.0,0.0,0.003033367037411527
0.0,0.0,0.0,0.01471100278551532,0.0,0.0,0.0,0.0,0.0
0.0,0.0,0.009478021978021977,0.0,0.0,0.0,0.0,0.0,0.0
0.0,0.0,0.0,0.0,0.0,0.0,0.0,0.02531645569620253,0.0
0.0,0.0,0.0028846153846153848,0.0,0.0,0.0,0.0,0.0,0.0
0.0,0.0,0.0,0.0,0.0,0.0,0.002844141069397042,0.0,0.0
0.0,0.0,0.0,0.0,0.0,0.0,0.03270762229806599,0.0,0.0
0.0,0.0,0.003434065934065934,0.0,0.0,0.0,0.0,0.0,0.0
0.0010683760683760685,0.0,0.0,0.0,0.0,0.0,0.0,0.0,0.0
0.0,0.0,0.0,0.0,0.0,0.0,0.0,0.015031645569620253,0.0
0.0,0.0,0.010714285714285714,0.0,0.0,0.0,0.0,0.0,0.0
0.0,0.0,0.0,0.021326601671309193,0.0,0.0,0.0,0.0,0.0
0.0,0.0,0.0,0.01088091922005571,0.0,0.0,0.0,0.0,0.0
0.03258547008547009,0.0,0.0,0.0,0.0,0.0,0.0,0.0,0.0
0.0,0.0,0.0,0.0017409470752089136,0.0,0.0,0.0,0.0,0.0
0.0,0.0,0.0,0.0004352367688022284,0.0,0.0,0.0,0.0,0.0
0.0,0.0,0.0,0.010532729805013928,0.0,0.0,0.0,0.0,0.0
0.0,0.0,0.0,0.0007834261838440111,0.0,0.0,0.0,0.0,0.0
0.0,0.0,0.0008241758241758242,0.0,0.0,0.0,0.0,0.0,0.0
0.0,0.0,0.0,0.005745125348189415,0.0,0.0,0.0,0.0,0.0
0.0,0.0,0.004258241758241758,0.0,0.0,0.0,0.0,0.0,0.0
0.08173076923076923,0.0,0.0,0.0,0.0,0.0,0.0,0.0,0.0
0.0,0.01249442213297635,0.0,0.0,0.0,0.0,0.0,0.0,0.0
0.0,0.0178491744756805,0.0,0.0,0.0,0.0,0.0,0.0,0.0
0.0,0.009817045961624275,0.0,0.0,0.0,0.0,0.0,0.0,0.0
0.0,0.0035698348951361,0.0,0.0,0.0,0.0,0.0,0.0,0.0
0.0,0.016956715751896476,0.0,0.0,0.0,0.0,0.0,0.0,0.0
0.0,0.016956715751896476,0.0,0.0,0.0,0.0,0.0,0.0,0.0
0.0,0.0,0.0,0.01897632311977716,0.0,0.0,0.0,0.0,0.0
0.0,0.0,0.0,0.0,0.0,0.026030368763557483,0.0,0.0,0.0
0.0,0.008478357875948238,0.0,0.0,0.0,0.0,0.0,0.0,0.0
0.0,0.0031236055332440876,0.0,0.0,0.0,0.0,0.0,0.0,0.0
0.0,0.0031236055332440876,0.0,0.0,0.0,0.0,0.0,0.0,0.0
0.0073005698005698,0.0,0.0,0.0,0.0,0.0,0.0,0.0,0.0
0.003205128205128205,0.0,0.0,0.0,0.0,0.0,0.0,0.0,0.0
0.0,0.0022311468094600626,0.0,0.0,0.0,0.0,0.0,0.0,0.0
0.0,0.0,0.0,0.004613509749303621,0.0,0.0,0.0,0.0,0.0
0.0,0.0,0.0,0.005309888579387186,0.0,0.0,0.0,0.0,0.0
0.013710826210826211,0.0,0.0,0.0,0.0,0.0,0.0,0.0,0.0
0.0,0.0,0.0028846153846153848,0.0,0.0,0.0,0.0,0.0,0.0
0.0,0.0022311468094600626,0.0,0.0,0.0,0.0,0.0,0.0,0.0
0.0,0.00535475234270415,0.0,0.0,0.0,0.0,0.0,0.0,0.0
0.001958689458689459,0.0,0.0,0.0,0.0,0.0,0.0,0.0,0.0
0.0,0.010263275323516287,0.0,0.0,0.0,0.0,0.0,0.0,0.0
0.0,0.0,0.001510989010989011,0.0,0.0,0.0,0.0,0.0,0.0
0.0,0.0,0.0008241758241758242,0.0,0.0,0.0,0.0,0.0,0.0
0.0,0.0,0.0,0.002437325905292479,0.0,0.0,0.0,0.0,0.0
0.0,0.0,0.0006868131868131869,0.0,0.0,0.0,0.0,0.0,0.0
0.0,0.0,0.0,0.0,0.0,0.0070498915401301515,0.0,0.0,0.0
0.0,0.0,0.0,0.0,0.0,0.0,0.0,0.015822784810126583,0.0
0.0,0.0,0.0,0.0,0.0,0.0032537960954446853,0.0,0.0,0.0
0.0,0.0,0.002197802197802198,0.0,0.0,0.0,0.0,0.0,0.0
0.003027065527065527,0.0,0.0,0.0,0.0,0.0,0.0,0.0,0.0
0.0,0.008032128514056224,0.0,0.0,0.0,0.0,0.0,0.0,0.0
0.0,0.002677376171352075,0.0,0.0,0.0,0.0,0.0,0.0,0.0
0.0,0.0,0.0024725274725274724,0.0,0.0,0.0,0.0,0.0,0.0
0.0,0.0,0.0,0.0,0.0,0.0,0.001422070534698521,0.0,0.0
0.0,0.0,0.0008241758241758242,0.0,0.0,0.0,0.0,0.0,0.0
0.0,0.016956715751896476,0.0,0.0,0.0,0.0,0.0,0.0,0.0
0.003205128205128205,0.0,0.0,0.0,0.0,0.0,0.0,0.0,0.0
0.0,0.005800981704596163,0.0,0.0,0.0,0.0,0.0,0.0,0.0
0.0,0.0022311468094600626,0.0,0.0,0.0,0.0,0.0,0.0,0.0
0.0,0.002677376171352075,0.0,0.0,0.0,0.0,0.0,0.0,0.0
0.005698005698005698,0.0,0.0,0.0,0.0,0.0,0.0,0.0,0.0
0.002849002849002849,0.0,0.0,0.0,0.0,0.0,0.0,0.0,0.0
0.0,0.0,0.0,0.02698467966573816,0.0,0.0,0.0,0.0,0.0
0.0,0.013386880856760375,0.0,0.0,0.0,0.0,0.0,0.0,0.0
0.0,0.022757697456492636,0.0,0.0,0.0,0.0,0.0,0.0,0.0
0.0,0.0022311468094600626,0.0,0.0,0.0,0.0,0.0,0.0,0.0
0.0,0.0049085229808121375,0.0,0.0,0.0,0.0,0.0,0.0,0.0
0.0,0.007585899152164213,0.0,0.0,0.0,0.0,0.0,0.0,0.0
0.0,0.031236055332440876,0.0,0.0,0.0,0.0,0.0,0.0,0.0
0.0,0.0,0.0,0.013840529247910863,0.0,0.0,0.0,0.0,0.0
0.0,0.0022311468094600626,0.0,0.0,0.0,0.0,0.0,0.0,0.0
0.0,0.0022311468094600626,0.0,0.0,0.0,0.0,0.0,0.0,0.0
0.0,0.009817045961624275,0.0,0.0,0.0,0.0,0.0,0.0,0.0
0.0,0.0022311468094600626,0.0,0.0,0.0,0.0,0.0,0.0,0.0
0.0,0.00535475234270415,0.0,0.0,0.0,0.0,0.0,0.0,0.0
0.01834045584045584,0.0,0.0,0.0,0.0,0.0,0.0,0.0,0.0
0.0,0.0,0.0008241758241758242,0.0,0.0,0.0,0.0,0.0,0.0
0.0,0.0,0.0,0.0,0.0,0.007592190889370932,0.0,0.0,0.0
0.0,0.0031236055332440876,0.0,0.0,0.0,0.0,0.0,0.0,0.0
0.0,0.004016064257028112,0.0,0.0,0.0,0.0,0.0,0.0,0.0
0.0,0.002677376171352075,0.0,0.0,0.0,0.0,0.0,0.0,0.0
0.0,0.0,0.0,0.0,0.0,0.006507592190889371,0.0,0.0,0.0
0.0,0.0031236055332440876,0.0,0.0,0.0,0.0,0.0,0.0,0.0
0.0,0.0,0.0,0.0,0.0,0.009219088937093275,0.0,0.0,0.0
0.0,0.0,0.0,0.0,0.0,0.0,0.001422070534698521,0.0,0.0
0.0,0.0031236055332440876,0.0,0.0,0.0,0.0,0.0,0.0,0.0
0.0,0.0022311468094600626,0.0,0.0,0.0,0.0,0.0,0.0,0.0
0.006232193732193732,0.0,0.0,0.0,0.0,0.0,0.0,0.0,0.0
0.0,0.0,0.0,0.008791782729805015,0.0,0.0,0.0,0.0,0.0
0.0,0.0,0.0,0.013144150417827297,0.0,0.0,0.0,0.0,0.0
0.0,0.011601963409192326,0.0,0.0,0.0,0.0,0.0,0.0,0.0
0.0010683760683760685,0.0,0.0,0.0,0.0,0.0,0.0,0.0,0.0
0.004451566951566952,0.0,0.0,0.0,0.0,0.0,0.0,0.0,0.0
0.0,0.004462293618920125,0.0,0.0,0.0,0.0,0.0,0.0,0.0
0.0,0.0,0.0,0.009227019498607242,0.0,0.0,0.0,0.0,0.0
0.011752136752136752,0.0,0.0,0.0,0.0,0.0,0.0,0.0,0.0
0.0,0.006247211066488175,0.0,0.0,0.0,0.0,0.0,0.0,0.0
0.0,0.002677376171352075,0.0,0.0,0.0,0.0,0.0,0.0,0.0
0.0014245014245014246,0.0,0.0,0.0,0.0,0.0,0.0,0.0,0.0
0.0,0.004016064257028112,0.0,0.0,0.0,0.0,0.0,0.0,0.0
0.0,0.0,0.0,0.01897632311977716,0.0,0.0,0.0,0.0,0.0
0.0,0.0,0.0,0.003307799442896936,0.0,0.0,0.0,0.0,0.0
0.0,0.0214190093708166,0.0,0.0,0.0,0.0,0.0,0.0,0.0
0.0,0.002677376171352075,0.0,0.0,0.0,0.0,0.0,0.0,0.0
0.0,0.0,0.005082417582417583,0.0,0.0,0.0,0.0,0.0,0.0
0.0,0.0022311468094600626,0.0,0.0,0.0,0.0,0.0,0.0,0.0
0.0,0.0022311468094600626,0.0,0.0,0.0,0.0,0.0,0.0,0.0
0.0,0.020080321285140562,0.0,0.0,0.0,0.0,0.0,0.0,0.0
0.0,0.007585899152164213,0.0,0.0,0.0,0.0,0.0,0.0,0.0
0.0,0.004016064257028112,0.0,0.0,0.0,0.0,0.0,0.0,0.0
0.0,0.049085229808121376,0.0,0.0,0.0,0.0,0.0,0.0,0.0
0.0,0.035252119589468986,0.0,0.0,0.0,0.0,0.0,0.0,0.0
0.008012820512820512,0.0,0.0,0.0,0.0,0.0,0.0,0.0,0.0
0.0,0.024096385542168676,0.0,0.0,0.0,0.0,0.0,0.0,0.0
0.0,0.004016064257028112,0.0,0.0,0.0,0.0,0.0,0.0,0.0
0.0,0.006693440428380187,0.0,0.0,0.0,0.0,0.0,0.0,0.0
0.007834757834757835,0.0,0.0,0.0,0.0,0.0,0.0,0.0,0.0
0.0,0.004462293618920125,0.0,0.0,0.0,0.0,0.0,0.0,0.0
0.0,0.0,0.0,0.0,0.0,0.0,0.004835039817974972,0.0,0.0
0.0,0.0,0.001098901098901099,0.0,0.0,0.0,0.0,0.0,0.0
0.0,0.004462293618920125,0.0,0.0,0.0,0.0,0.0,0.0,0.0
0.0,0.0,0.0,0.0026114206128133705,0.0,0.0,0.0,0.0,0.0
0.0014245014245014246,0.0,0.0,0.0,0.0,0.0,0.0,0.0,0.0
0.0,0.012048192771084338,0.0,0.0,0.0,0.0,0.0,0.0,0.0
0.0,0.006247211066488175,0.0,0.0,0.0,0.0,0.0,0.0,0.0
0.0,0.022311468094600623,0.0,0.0,0.0,0.0,0.0,0.0,0.0
0.0,0.0142793395805444,0.0,0.0,0.0,0.0,0.0,0.0,0.0
0.0,0.0,0.0,0.02358983286908078,0.0,0.0,0.0,0.0,0.0
0.0,0.0,0.0,0.03499303621169916,0.0,0.0,0.0,0.0,0.0
0.0,0.0,0.0,0.04543871866295265,0.0,0.0,0.0,0.0,0.0
0.0,0.0,0.0,0.011316155988857938,0.0,0.0,0.0,0.0,0.0
0.0,0.011155734047300312,0.0,0.0,0.0,0.0,0.0,0.0,0.0
0.00641025641025641,0.0,0.0,0.0,0.0,0.0,0.0,0.0,0.0
0.0,0.008032128514056224,0.0,0.0,0.0,0.0,0.0,0.0,0.0
0.0,0.008032128514056224,0.0,0.0,0.0,0.0,0.0,0.0,0.0
0.0,0.0,0.0008241758241758242,0.0,0.0,0.0,0.0,0.0,0.0
0.011574074074074073,0.0,0.0,0.0,0.0,0.0,0.0,0.0,0.0
0.0,0.0031236055332440876,0.0,0.0,0.0,0.0,0.0,0.0,0.0
0.0,0.0,0.0,0.02376392757660167,0.0,0.0,0.0,0.0,0.0
0.0,0.0,0.0,0.0012186629526462396,0.0,0.0,0.0,0.0,0.0
0.0,0.0,0.0,0.0,0.0,0.015184381778741865,0.0,0.0,0.0
0.0,0.0,0.0,0.0,0.008387342737323675,0.0,0.0,0.0,0.0
0.0,0.0,0.0,0.015668523676880222,0.0,0.0,0.0,0.0,0.0
0.0,0.0,0.0,0.004265320334261838,0.0,0.0,0.0,0.0,0.0
0.0,0.0,0.0019230769230769232,0.0,0.0,0.0,0.0,0.0,0.0
0.002492877492877493,0.0,0.0,0.0,0.0,0.0,0.0,0.0,0.0
0.0,0.0,0.0,0.0013057103064066853,0.0,0.0,0.0,0.0,0.0
0.0,0.0,0.0,0.0031337047353760445,0.0,0.0,0.0,0.0,0.0
0.0,0.0,0.0,0.0,0.0,0.0027114967462039045,0.0,0.0,0.0
0.0,0.0,0.012225274725274725,0.0,0.0,0.0,0.0,0.0,0.0
0.0,0.0,0.001510989010989011,0.0,0.0,0.0,0.0,0.0,0.0
0.0,0.0,0.0,0.0,0.0,0.0,0.0,0.04865506329113924,0.0
0.002670940170940171,0.0,0.0,0.0,0.0,0.0,0.0,0.0,0.0
0.0,0.0022311468094600626,0.0,0.0,0.0,0.0,0.0,0.0,0.0
0.0,0.0,0.0,0.003743036211699164,0.0,0.0,0.0,0.0,0.0
0.004095441595441595,0.0,0.0,0.0,0.0,0.0,0.0,0.0,0.0
0.0,0.0,0.0,0.0,0.0,0.0,0.002559726962457338,0.0,0.0
0.0,0.0,0.0,0.0,0.002668699961875715,0.0,0.0,0.0,0.0
0.0,0.0,0.0,0.0,0.002668699961875715,0.0,0.0,0.0,0.0
0.0,0.0,0.0,0.0,0.003812428516965307,0.0,0.0,0.0,0.0
0.0,0.0,0.0,0.0,0.0,0.0,0.0,0.0,0.0015166835187057635
0.0,0.0,0.004258241758241758,0.0,0.0,0.0,0.0,0.0,0.0
0.0,0.0,0.0,0.0,0.0,0.0,0.0,0.0,0.011122345803842264
0.0,0.0,0.0,0.0,0.006099885627144491,0.0,0.0,0.0,0.0
0.0017806267806267807,0.0,0.0,0.0,0.0,0.0,0.0,0.0,0.0
0.0,0.0,0.0016483516483516484,0.0,0.0,0.0,0.0,0.0,0.0
0.0,0.0,0.0,0.0,0.002287457110179184,0.0,0.0,0.0,0.0
0.0,0.0,0.0,0.0,0.0,0.0,0.004550625711035267,0.0,0.0
0.0,0.0,0.0,0.0,0.0,0.0,0.001422070534698521,0.0,0.0
0.0,0.0,0.0,0.0020891364902506965,0.0,0.0,0.0,0.0,0.0
0.0,0.0,0.0,0.0,0.0,0.0,0.0,0.06645569620253164,0.0
0.0438034188034188,0.0,0.0,0.0,0.0,0.0,0.0,0.0,0.0
0.0,0.0,0.0,0.0,0.0,0.0,0.011945392491467578,0.0,0.0
0.0,0.0,0.0,0.0,0.0,0.0,0.01820250284414107,0.0,0.0
0.0,0.0,0.0,0.007486072423398328,0.0,0.0,0.0,0.0,0.0
0.0,0.0,0.0,0.0,0.0,0.0,0.0,0.005142405063291139,0.0
0.0,0.0,0.0012362637362637362,0.0,0.0,0.0,0.0,0.0,0.0
0.0,0.0,0.0,0.0,0.0,0.0,0.0031285551763367463,0.0,0.0
0.0,0.0,0.0,0.003307799442896936,0.0,0.0,0.0,0.0,0.0
0.0,0.0,0.0,0.0,0.0,0.0027114967462039045,0.0,0.0,0.0
0.0,0.0,0.0009615384615384616,0.0,0.0,0.0,0.0,0.0,0.0
0.005876068376068376,0.0,0.0,0.0,0.0,0.0,0.0,0.0,0.0
0.0,0.0,0.0,0.005396935933147632,0.0,0.0,0.0,0.0,0.0
0.0,0.0,0.0,0.0,0.0,0.0,0.004266211604095563,0.0,0.0
0.0,0.0,0.00989010989010989,0.0,0.0,0.0,0.0,0.0,0.0
0.0,0.0,0.0,0.003568941504178273,0.0,0.0,0.0,0.0,0.0
0.0,0.0,0.003021978021978022,0.0,0.0,0.0,0.0,0.0,0.0
0.0,0.0,0.010164835164835165,0.0,0.0,0.0,0.0,0.0,0.0
0.0,0.0,0.0,0.0,0.0,0.0,0.003981797497155859,0.0,0.0
0.0,0.0,0.0,0.0,0.0,0.0,0.006825938566552901,0.0,0.0
0.0,0.0,0.0,0.0023502785515320335,0.0,0.0,0.0,0.0,0.0
0.0,0.0,0.0,0.004352367688022284,0.0,0.0,0.0,0.0,0.0
0.0,0.0,0.0006868131868131869,0.0,0.0,0.0,0.0,0.0,0.0
0.0,0.0,0.0,0.0020891364902506965,0.0,0.0,0.0,0.0,0.0
0.0,0.03346720214190094,0.0,0.0,0.0,0.0,0.0,0.0,0.0
0.0,0.0,0.0,0.004613509749303621,0.0,0.0,0.0,0.0,0.0
0.0,0.0,0.0,0.0,0.0,0.0,0.0,0.0,0.002275025278058645
0.0,0.0,0.0,0.0026114206128133705,0.0,0.0,0.0,0.0,0.0
0.0,0.0,0.0,0.003046657381615599,0.0,0.0,0.0,0.0,0.0
0.0,0.0,0.0,0.0,0.0,0.0,0.0,0.0,0.005561172901921132
0.0,0.0,0.0,0.0,0.0,0.0,0.006257110352673493,0.0,0.0
0.0,0.0,0.0,0.002263231197771588,0.0,0.0,0.0,0.0,0.0
0.0,0.0,0.0,0.0,0.008387342737323675,0.0,0.0,0.0,0.0
0.0,0.0,0.0,0.008182451253481894,0.0,0.0,0.0,0.0,0.0
0.0,0.0,0.0,0.0,0.003812428516965307,0.0,0.0,0.0,0.0
0.0,0.0,0.0,0.0,0.01715592832634388,0.0,0.0,0.0,0.0
0.0,0.0,0.007554945054945055,0.0,0.0,0.0,0.0,0.0,0.0
0.0,0.0,0.0,0.0,0.0,0.0027114967462039045,0.0,0.0,0.0
0.0,0.0,0.0,0.0,0.0019062142584826535,0.0,0.0,0.0,0.0
0.0,0.0,0.0,0.0,0.0,0.0,0.0,0.0,0.004044489383215369
0.0,0.0,0.0,0.0,0.0,0.0,0.0022753128555176336,0.0,0.0
0.0,0.0,0.0,0.0,0.0,0.021691973969631236,0.0,0.0,0.0
0.0,0.0,0.0,0.0,0.0,0.005422993492407809,0.0,0.0,0.0
0.0,0.0,0.0,0.0,0.0,0.0,0.005688282138794084,0.0,0.0
0.0,0.0,0.0,0.0,0.0,0.0,0.0,0.001977848101265823,0.0
0.0,0.0,0.0,0.003743036211699164,0.0,0.0,0.0,0.0,0.0
0.0,0.0,0.0,0.0,0.013724742661075104,0.0,0.0,0.0,0.0
0.0,0.0,0.0,0.0,0.0,0.0,0.002844141069397042,0.0,0.0
0.0,0.0,0.0,0.0,0.0,0.0,0.0031285551763367463,0.0,0.0
0.0,0.0,0.0,0.0,0.0,0.0,0.001422070534698521,0.0,0.0
0.0,0.0,0.0,0.0,0.0,0.0,0.003697383390216155,0.0,0.0
0.0,0.0,0.0,0.001915041782729805,0.0,0.0,0.0,0.0,0.0
0.0,0.0,0.0,0.0,0.0,0.0027114967462039045,0.0,0.0,0.0
0.0,0.0,0.0,0.0,0.0,0.0,0.002844141069397042,0.0,0.0
0.0,0.0,0.0,0.010967966573816155,0.0,0.0,0.0,0.0,0.0
0.0,0.0,0.0,0.0,0.006099885627144491,0.0,0.0,0.0,0.0
0.0,0.0,0.0,0.0028725626740947075,0.0,0.0,0.0,0.0,0.0
0.0,0.0,0.0008241758241758242,0.0,0.0,0.0,0.0,0.0,0.0
0.0,0.0035698348951361,0.0,0.0,0.0,0.0,0.0,0.0,0.0
0.0,0.0,0.0,0.002437325905292479,0.0,0.0,0.0,0.0,0.0
0.0,0.0,0.0,0.0,0.0,0.0,0.0,0.035205696202531646,0.0
0.003027065527065527,0.0,0.0,0.0,0.0,0.0,0.0,0.0,0.0
0.0,0.0,0.0,0.0006093314763231198,0.0,0.0,0.0,0.0,0.0
0.0,0.0,0.0,0.0018279944289693593,0.0,0.0,0.0,0.0,0.0
0.0,0.0,0.0,0.0018279944289693593,0.0,0.0,0.0,0.0,0.0
0.0,0.0,0.001510989010989011,0.0,0.0,0.0,0.0,0.0,0.0
0.0,0.0,0.0,0.0,0.0,0.0,0.0,0.0379746835443038,0.0
0.0,0.0,0.0,0.006354456824512535,0.0,0.0,0.0,0.0,0.0
0.0,0.0,0.0,0.0007834261838440111,0.0,0.0,0.0,0.0,0.0
0.0,0.0,0.0,0.0,0.0,0.006507592190889371,0.0,0.0,0.0
0.0,0.0,0.0,0.006354456824512535,0.0,0.0,0.0,0.0,0.0
0.0,0.0,0.0,0.019672701949860726,0.0,0.0,0.0,0.0,0.0
0.0,0.0,0.003021978021978022,0.0,0.0,0.0,0.0,0.0,0.0
0.0016025641025641025,0.0,0.0,0.0,0.0,0.0,0.0,0.0,0.0
0.0,0.0,0.0,0.0,0.0,0.0,0.0,0.0,0.03008088978766431
0.004095441595441595,0.0,0.0,0.0,0.0,0.0,0.0,0.0,0.0
0.0,0.0,0.0,0.008095403899721448,0.0,0.0,0.0,0.0,0.0
0.0,0.0,0.0,0.0,0.0,0.013557483731019523,0.0,0.0,0.0
0.0,0.0,0.0,0.008008356545961003,0.0,0.0,0.0,0.0,0.0
0.0,0.0,0.0,0.0044394150417827296,0.0,0.0,0.0,0.0,0.0
0.0,0.0,0.0,0.020456128133704735,0.0,0.0,0.0,0.0,0.0
0.0,0.0,0.0,0.003046657381615599,0.0,0.0,0.0,0.0,0.0
0.0,0.0,0.0019230769230769232,0.0,0.0,0.0,0.0,0.0,0.0
0.0,0.0,0.0,0.002002089136490251,0.0,0.0,0.0,0.0,0.0
0.0,0.0,0.04519230769230769,0.0,0.0,0.0,0.0,0.0,0.0
0.0,0.0,0.0,0.0,0.0,0.0,0.003697383390216155,0.0,0.0
0.0,0.0,0.002335164835164835,0.0,0.0,0.0,0.0,0.0,0.0
0.0,0.0,0.005494505494505495,0.0,0.0,0.0,0.0,0.0,0.0
0.0,0.0,0.0012362637362637362,0.0,0.0,0.0,0.0,0.0,0.0
0.0,0.0,0.008653846153846154,0.0,0.0,0.0,0.0,0.0,0.0
0.0,0.0,0.005082417582417583,0.0,0.0,0.0,0.0,0.0,0.0
0.0,0.0,0.0,0.001131615598885794,0.0,0.0,0.0,0.0,0.0
0.0,0.0,0.0,0.004613509749303621,0.0,0.0,0.0,0.0,0.0
0.0,0.0,0.001098901098901099,0.0,0.0,0.0,0.0,0.0,0.0
0.0,0.0,0.0,0.0,0.0,0.0,0.003697383390216155,0.0,0.0
0.0,0.0,0.0,0.003046657381615599,0.0,0.0,0.0,0.0,0.0
0.0,0.0,0.0,0.0,0.0,0.0,0.0034129692832764505,0.0,0.0
0.0,0.0,0.019230769230769232,0.0,0.0,0.0,0.0,0.0,0.0
0.0,0.0,0.0,0.0,0.0,0.0,0.01564277588168373,0.0,0.0
0.013532763532763533,0.0,0.0,0.0,0.0,0.0,0.0,0.0,0.0
0.0,0.0,0.0,0.0,0.0,0.0,0.005972696245733789,0.0,0.0
0.0,0.0,0.0,0.0,0.0,0.0,0.0,0.0,0.0015166835187057635
0.0017806267806267807,0.0,0.0,0.0,0.0,0.0,0.0,0.0,0.0
0.0,0.0,0.0012362637362637362,0.0,0.0,0.0,0.0,0.0,0.0
0.0,0.0,0.0,0.0,0.0,0.0,0.004266211604095563,0.0,0.0
0.0,0.0,0.0,0.0,0.0,0.0,0.0,0.0,0.002780586450960566
0.0,0.0,0.0,0.0,0.0,0.0,0.0,0.0,0.0037917087967644083
0.0,0.0,0.0,0.006615598885793872,0.0,0.0,0.0,0.0,0.0
0.0,0.0,0.0,0.0,0.0,0.0,0.0,0.0,0.005813953488372093
0.0,0.0,0.0,0.0,0.0,0.0,0.0,0.0,0.0020222446916076846
0.0,0.0,0.0,0.0,0.0,0.0,0.0,0.0,0.006319514661274014
0.0,0.0,0.0,0.0,0.0,0.0,0.0,0.0,0.012386248736097068
0.0,0.0,0.0,0.0,0.0,0.0,0.01422070534698521,0.0,0.0
0.0,0.0,0.0,0.0017409470752089136,0.0,0.0,0.0,0.0,0.0
0.0,0.0,0.0,0.0,0.0,0.0,0.005119453924914676,0.0,0.0
0.0,0.0,0.0,0.0,0.0,0.0,0.002844141069397042,0.0,0.0
0.0,0.0,0.0,0.004265320334261838,0.0,0.0,0.0,0.0,0.0
0.0,0.0,0.0,0.0,0.0,0.0,0.006257110352673493,0.0,0.0
0.0,0.0,0.0,0.0013057103064066853,0.0,0.0,0.0,0.0,0.0
0.0,0.0,0.0037087912087912086,0.0,0.0,0.0,0.0,0.0,0.0
0.0,0.0,0.0,0.0,0.0,0.0,0.002559726962457338,0.0,0.0
0.0,0.0,0.0,0.0,0.0,0.0,0.03782707622298066,0.0,0.0
0.0,0.0,0.0,0.0026114206128133705,0.0,0.0,0.0,0.0,0.0
0.0,0.0,0.0008241758241758242,0.0,0.0,0.0,0.0,0.0,0.0
0.0,0.0,0.0,0.0,0.0,0.0,0.009101251422070534,0.0,0.0
0.0,0.0,0.0,0.0,0.0,0.0,0.0,0.002768987341772152,0.0
0.0,0.0,0.0,0.0,0.0,0.0,0.0,0.038765822784810125,0.0
0.0,0.0,0.0,0.0,0.0,0.0,0.0,0.030854430379746837,0.0
0.0,0.0,0.0,0.0,0.0,0.0,0.0,0.0,0.005055611729019211
0.0,0.0,0.0,0.0,0.0,0.0,0.0,0.011867088607594937,0.0
0.0,0.0,0.0,0.0,0.0,0.0,0.0,0.0,0.003538928210313448
0.0014245014245014246,0.0,0.0,0.0,0.0,0.0,0.0,0.0,0.0
0.012286324786324786,0.0,0.0,0.0,0.0,0.0,0.0,0.0,0.0
0.0,0.0,0.0,0.006093314763231198,0.0,0.0,0.0,0.0,0.0
0.0,0.0,0.0,0.0,0.0,0.0,0.004266211604095563,0.0,0.0
0.0,0.0,0.0,0.0026114206128133705,0.0,0.0,0.0,0.0,0.0
0.012642450142450143,0.0,0.0,0.0,0.0,0.0,0.0,0.0,0.0
0.0,0.0,0.004258241758241758,0.0,0.0,0.0,0.0,0.0,0.0
0.0,0.0,0.0,0.02176183844011142,0.0,0.0,0.0,0.0,0.0
0.003383190883190883,0.0,0.0,0.0,0.0,0.0,0.0,0.0,0.0
0.002670940170940171,0.0,0.0,0.0,0.0,0.0,0.0,0.0,0.0
0.00551994301994302,0.0,0.0,0.0,0.0,0.0,0.0,0.0,0.0
0.0,0.0,0.0,0.0015668523676880223,0.0,0.0,0.0,0.0,0.0
0.0008903133903133903,0.0,0.0,0.0,0.0,0.0,0.0,0.0,0.0
0.0,0.0,0.0,0.0,0.0,0.0,0.0,0.006724683544303798,0.0
0.0,0.0,0.0,0.001653899721448468,0.0,0.0,0.0,0.0,0.0
0.0010683760683760685,0.0,0.0,0.0,0.0,0.0,0.0,0.0,0.0
0.008012820512820512,0.0,0.0,0.0,0.0,0.0,0.0,0.0,0.0
0.0,0.0,0.0,0.0,0.0,0.03253796095444685,0.0,0.0,0.0
0.0,0.0,0.0,0.0020891364902506965,0.0,0.0,0.0,0.0,0.0
0.0,0.0,0.0,0.011403203342618384,0.0,0.0,0.0,0.0,0.0
0.0,0.0,0.0,0.0008704735376044568,0.0,0.0,0.0,0.0,0.0
0.0008903133903133903,0.0,0.0,0.0,0.0,0.0,0.0,0.0,0.0
0.0,0.0,0.0,0.007486072423398328,0.0,0.0,0.0,0.0,0.0
0.0,0.0,0.0,0.0,0.0,0.0070498915401301515,0.0,0.0,0.0
0.0,0.0,0.0,0.0,0.0,0.0,0.0,0.002768987341772152,0.0
0.0,0.0,0.0,0.0,0.008768585589020206,0.0,0.0,0.0,0.0
0.0,0.0,0.0,0.0,0.002287457110179184,0.0,0.0,0.0,0.0
0.0,0.0,0.0,0.0,0.0,0.0,0.0,0.0,0.0032861476238624874
0.0,0.0,0.0,0.0,0.002287457110179184,0.0,0.0,0.0,0.0
0.0,0.0,0.0,0.0,0.0,0.0,0.0,0.0,0.001769464105156724
0.0,0.0,0.0,0.0,0.0,0.0,0.013651877133105802,0.0,0.0
0.0,0.0,0.0,0.004787604456824512,0.0,0.0,0.0,0.0,0.0
0.0,0.0,0.0,0.0,0.0,0.0,0.0,0.0,0.002275025278058645
0.0010683760683760685,0.0,0.0,0.0,0.0,0.0,0.0,0.0,0.0
0.0,0.0,0.0,0.0012186629526462396,0.0,0.0,0.0,0.0,0.0
0.0,0.0,0.0,0.005658077994428969,0.0,0.0,0.0,0.0,0.0
0.0008903133903133903,0.0,0.0,0.0,0.0,0.0,0.0,0.0,0.0
0.003917378917378918,0.0,0.0,0.0,0.0,0.0,0.0,0.0,0.0
0.0,0.0,0.0,0.0015668523676880223,0.0,0.0,0.0,0.0,0.0
0.0,0.0,0.0,0.0036559888579387185,0.0,0.0,0.0,0.0,0.0
0.0008903133903133903,0.0,0.0,0.0,0.0,0.0,0.0,0.0,0.0
0.0,0.0,0.0,0.0,0.0,0.0,0.0,0.006724683544303798,0.0
0.0,0.0,0.0,0.0,0.0,0.0,0.0,0.0,0.0032861476238624874
0.0,0.0,0.0,0.0015668523676880223,0.0,0.0,0.0,0.0,0.0
0.0,0.0,0.0027472527472527475,0.0,0.0,0.0,0.0,0.0,0.0
0.0,0.0,0.0,0.0,0.0,0.0,0.0,0.008306962025316455,0.0
0.0,0.0,0.0,0.002785515320334262,0.0,0.0,0.0,0.0,0.0
0.0,0.0,0.0,0.0,0.0,0.0,0.0,0.0,0.01744186046511628
0.0,0.0,0.0,0.0,0.0,0.0,0.0,0.0,0.003538928210313448
0.0,0.0,0.0,0.0,0.0,0.0,0.0,0.0,0.0179474216380182
0.0,0.0,0.0,0.0,0.0,0.0,0.017064846416382253,0.0,0.0
0.0,0.0,0.0,0.0,0.0,0.0,0.00938566552901024,0.0,0.0
0.0,0.0,0.0009615384615384616,0.0,0.0,0.0,0.0,0.0,0.0
0.0,0.0,0.0,0.002176183844011142,0.0,0.0,0.0,0.0,0.0
0.0,0.0,0.0,0.0,0.0,0.0,0.0,0.0,0.024014155712841254
0.0,0.0,0.0,0.006354456824512535,0.0,0.0,0.0,0.0,0.0
0.0,0.0,0.0,0.0,0.0,0.0,0.0,0.0,0.007077856420626896
0.0,0.0,0.0,0.0,0.008768585589020206,0.0,0.0,0.0,0.0
0.0014245014245014246,0.0,0.0,0.0,0.0,0.0,0.0,0.0,0.0
0.0,0.0,0.0,0.0,0.0,0.0,0.002844141069397042,0.0,0.0
0.0010683760683760685,0.0,0.0,0.0,0.0,0.0,0.0,0.0,0.0
0.0,0.0,0.0,0.0,0.0,0.0,0.003697383390216155,0.0,0.0
0.0012464387464387464,0.0,0.0,0.0,0.0,0.0,0.0,0.0,0.0
0.002136752136752137,0.0,0.0,0.0,0.0,0.0,0.0,0.0,0.0
0.0,0.0,0.0,0.0031337047353760445,0.0,0.0,0.0,0.0,0.0
0.0,0.0,0.0,0.00844359331476323,0.0,0.0,0.0,0.0,0.0
0.0012464387464387464,0.0,0.0,0.0,0.0,0.0,0.0,0.0,0.0
0.0,0.0,0.003983516483516483,0.0,0.0,0.0,0.0,0.0,0.0
0.004629629629629629,0.0,0.0,0.0,0.0,0.0,0.0,0.0,0.0
0.006054131054131054,0.0,0.0,0.0,0.0,0.0,0.0,0.0,0.0
0.014423076923076924,0.0,0.0,0.0,0.0,0.0,0.0,0.0,0.0
0.0,0.0,0.0,0.0060062674094707525,0.0,0.0,0.0,0.0,0.0
0.0,0.0,0.0,0.0,0.0,0.0,0.002559726962457338,0.0,0.0
0.0,0.0,0.0008241758241758242,0.0,0.0,0.0,0.0,0.0,0.0
0.006766381766381766,0.0,0.0,0.0,0.0,0.0,0.0,0.0,0.0
0.0,0.0,0.0,0.00322075208913649,0.0,0.0,0.0,0.0,0.0
0.0,0.0,0.0,0.001653899721448468,0.0,0.0,0.0,0.0,0.0
0.0,0.0,0.0,0.006876740947075209,0.0,0.0,0.0,0.0,0.0
0.0,0.0,0.0,0.0008704735376044568,0.0,0.0,0.0,0.0,0.0
0.0,0.0,0.0,0.0,0.0,0.004880694143167028,0.0,0.0,0.0
0.0,0.0,0.0,0.0031337047353760445,0.0,0.0,0.0,0.0,0.0
0.0,0.0,0.0,0.001131615598885794,0.0,0.0,0.0,0.0,0.0
0.0,0.0,0.0012362637362637362,0.0,0.0,0.0,0.0,0.0,0.0
0.0,0.0,0.0,0.0,0.0,0.0,0.007110352673492605,0.0,0.0
0.0,0.0,0.0,0.0010445682451253482,0.0,0.0,0.0,0.0,0.0
0.0,0.0,0.0,0.0,0.006099885627144491,0.0,0.0,0.0,0.0
0.0,0.0,0.0,0.0,0.0,0.0,0.0,0.0,0.013902932254802831
0.0,0.0,0.0,0.0,0.014487228364468167,0.0,0.0,0.0,0.0
0.0,0.0,0.0,0.0,0.0,0.012472885032537961,0.0,0.0,0.0
0.0,0.0,0.0,0.0,0.0,0.02386117136659436,0.0,0.0,0.0
0.0,0.0,0.0,0.0,0.0,0.008676789587852495,0.0,0.0,0.0
0.0,0.0,0.0,0.0,0.0,0.010845986984815618,0.0,0.0,0.0
0.0,0.0,0.0,0.0,0.0,0.010303687635574838,0.0,0.0,0.0
0.0,0.0,0.0,0.0,0.0,0.004880694143167028,0.0,0.0,0.0
0.0,0.0,0.0,0.0,0.0,0.013557483731019523,0.0,0.0,0.0
0.0,0.0,0.0,0.0006963788300835655,0.0,0.0,0.0,0.0,0.0
0.0,0.0,0.0,0.0,0.0,0.0027114967462039045,0.0,0.0,0.0
0.0,0.0,0.001510989010989011,0.0,0.0,0.0,0.0,0.0,0.0
0.009259259259259259,0.0,0.0,0.0,0.0,0.0,0.0,0.0,0.0
0.0,0.0,0.0,0.001392757660167131,0.0,0.0,0.0,0.0,0.0
0.0,0.0,0.0,0.0,0.0,0.0113882863340564,0.0,0.0,0.0
0.006054131054131054,0.0,0.0,0.0,0.0,0.0,0.0,0.0,0.0
0.0,0.0,0.0,0.0,0.0,0.0,0.0,0.0,0.002780586450960566
0.0,0.0,0.010302197802197802,0.0,0.0,0.0,0.0,0.0,0.0
0.0,0.0,0.0024725274725274724,0.0,0.0,0.0,0.0,0.0,0.0
0.0008903133903133903,0.0,0.0,0.0,0.0,0.0,0.0,0.0,0.0
0.0,0.0,0.0,0.0,0.0,0.0,0.0,0.0,0.014661274014155713
0.0,0.0,0.0,0.0,0.0,0.009761388286334056,0.0,0.0,0.0
0.0,0.0,0.0,0.0,0.0,0.03470715835140998,0.0,0.0,0.0
0.0,0.0,0.0,0.0,0.0,0.004338394793926247,0.0,0.0,0.0
0.0,0.0,0.0,0.0,0.0,0.013557483731019523,0.0,0.0,0.0
0.0,0.0,0.002197802197802198,0.0,0.0,0.0,0.0,0.0,0.0
0.0,0.0,0.0,0.0,0.0,0.0,0.0,0.0,0.0015166835187057635
0.0,0.0,0.0,0.0012186629526462396,0.0,0.0,0.0,0.0,0.0
0.0,0.0,0.0009615384615384616,0.0,0.0,0.0,0.0,0.0,0.0
0.0,0.0,0.0,0.0,0.0,0.0,0.0,0.006724683544303798,0.0
0.0,0.0,0.0,0.0,0.0,0.0,0.003981797497155859,0.0,0.0
0.004629629629629629,0.0,0.0,0.0,0.0,0.0,0.0,0.0,0.0
0.0,0.0,0.0,0.0,0.0,0.0,0.003697383390216155,0.0,0.0
0.00551994301994302,0.0,0.0,0.0,0.0,0.0,0.0,0.0,0.0
0.0,0.0,0.0,0.0065285515320334265,0.0,0.0,0.0,0.0,0.0
0.0014245014245014246,0.0,0.0,0.0,0.0,0.0,0.0,0.0,0.0
0.0,0.0,0.0013736263736263737,0.0,0.0,0.0,0.0,0.0,0.0
0.0,0.0,0.0,0.0,0.0,0.0,0.0,0.0,0.003033367037411527
0.0,0.0,0.0,0.0,0.004956157072054899,0.0,0.0,0.0,0.0
0.0,0.0,0.0,0.0,0.004574914220358368,0.0,0.0,0.0,0.0
0.003383190883190883,0.0,0.0,0.0,0.0,0.0,0.0,0.0,0.0
0.0,0.0,0.0,0.0,0.011437285550895921,0.0,0.0,0.0,0.0
0.0,0.0,0.0,0.0,0.006099885627144491,0.0,0.0,0.0,0.0
0.0,0.0,0.0,0.0,0.008006099885627144,0.0,0.0,0.0,0.0
0.0,0.0,0.0,0.0,0.0,0.0,0.0,0.002768987341772152,0.0
0.0,0.0,0.0,0.0009575208913649025,0.0,0.0,0.0,0.0,0.0
0.0,0.0,0.0,0.0,0.0041936713686618375,0.0,0.0,0.0,0.0
0.0,0.0,0.0,0.0,0.0,0.0,0.0,0.0,0.004297269969666329
0.0,0.0,0.0,0.0,0.0,0.0,0.001422070534698521,0.0,0.0
0.0,0.0,0.0019230769230769232,0.0,0.0,0.0,0.0,0.0,0.0
0.0,0.0,0.0,0.0010445682451253482,0.0,0.0,0.0,0.0,0.0
0.0012464387464387464,0.0,0.0,0.0,0.0,0.0,0.0,0.0,0.0
0.0,0.0,0.0,0.0,0.0,0.0,0.005972696245733789,0.0,0.0
0.0,0.0,0.0009615384615384616,0.0,0.0,0.0,0.0,0.0,0.0
0.0,0.0,0.0,0.0,0.002287457110179184,0.0,0.0,0.0,0.0
0.0,0.0,0.0,0.001392757660167131,0.0,0.0,0.0,0.0,0.0
0.0,0.0,0.0,0.0036559888579387185,0.0,0.0,0.0,0.0,0.0
0.0,0.0,0.0,0.0,0.0,0.004338394793926247,0.0,0.0,0.0
0.0,0.0,0.0031593406593406594,0.0,0.0,0.0,0.0,0.0,0.0
0.0,0.0,0.0028846153846153848,0.0,0.0,0.0,0.0,0.0,0.0
0.0,0.0,0.0,0.0,0.0,0.0027114967462039045,0.0,0.0,0.0
0.0,0.0,0.0,0.0,0.003812428516965307,0.0,0.0,0.0,0.0
0.0,0.0,0.0,0.0,0.0019062142584826535,0.0,0.0,0.0,0.0
0.0,0.0,0.0,0.0,0.0,0.0,0.007963594994311717,0.0,0.0
0.0,0.0,0.0012362637362637362,0.0,0.0,0.0,0.0,0.0,0.0
0.0,0.0,0.0,0.0,0.007624857033930614,0.0,0.0,0.0,0.0
0.0,0.0,0.009615384615384616,0.0,0.0,0.0,0.0,0.0,0.0
0.0,0.0,0.0,0.0,0.0,0.0,0.004266211604095563,0.0,0.0
0.0,0.0,0.0,0.0,0.0,0.0,0.0,0.0,0.008594539939332659
0.0,0.0,0.00934065934065934,0.0,0.0,0.0,0.0,0.0,0.0
0.0,0.0,0.0,0.0,0.0,0.004338394793926247,0.0,0.0,0.0
0.0,0.0,0.0,0.0,0.0,0.008676789587852495,0.0,0.0,0.0
0.0,0.0,0.0,0.0,0.018680899733130005,0.0,0.0,0.0,0.0
0.0,0.0,0.0,0.0,0.0019062142584826535,0.0,0.0,0.0,0.0
0.0,0.0,0.0,0.0,0.0,0.0,0.0,0.0,0.001769464105156724
0.0,0.0,0.0,0.0,0.0,0.0,0.0,0.0,0.006572295247724975
0.0,0.0,0.0,0.0,0.008006099885627144,0.0,0.0,0.0,0.0
0.0,0.0,0.0,0.0,0.0030499428135722455,0.0,0.0,0.0,0.0
0.0,0.0,0.0,0.0,0.0,0.0,0.001422070534698521,0.0,0.0
0.0,0.0,0.0,0.0,0.0,0.0,0.001422070534698521,0.0,0.0
0.0,0.0,0.0,0.001653899721448468,0.0,0.0,0.0,0.0,0.0
0.0,0.0,0.0,0.0,0.0,0.0,0.004835039817974972,0.0,0.0
0.0,0.0,0.0,0.0,0.0,0.0,0.002559726962457338,0.0,0.0
0.0,0.0,0.0,0.0,0.0,0.0,0.0031285551763367463,0.0,0.0
0.0,0.0,0.013324175824175824,0.0,0.0,0.0,0.0,0.0,0.0
0.0,0.0,0.0008241758241758242,0.0,0.0,0.0,0.0,0.0,0.0
0.0,0.0,0.0,0.0,0.0,0.0,0.0,0.00949367088607595,0.0
0.0,0.0,0.012912087912087911,0.0,0.0,0.0,0.0,0.0,0.0
0.0,0.0,0.0019230769230769232,0.0,0.0,0.0,0.0,0.0,0.0
0.0,0.0,0.0008241758241758242,0.0,0.0,0.0,0.0,0.0,0.0
0.0,0.0,0.001098901098901099,0.0,0.0,0.0,0.0,0.0,0.0
0.0,0.0,0.022252747252747253,0.0,0.0,0.0,0.0,0.0,0.0
0.0,0.008478357875948238,0.0,0.0,0.0,0.0,0.0,0.0,0.0
0.0,0.0,0.0,0.0,0.0,0.004338394793926247,0.0,0.0,0.0
0.0,0.0,0.0019230769230769232,0.0,0.0,0.0,0.0,0.0,0.0
0.0,0.0,0.0013736263736263737,0.0,0.0,0.0,0.0,0.0,0.0
0.0,0.0,0.002197802197802198,0.0,0.0,0.0,0.0,0.0,0.0
0.0,0.0,0.003021978021978022,0.0,0.0,0.0,0.0,0.0,0.0
0.0,0.0,0.0017857142857142857,0.0,0.0,0.0,0.0,0.0,0.0
0.0,0.0,0.0013736263736263737,0.0,0.0,0.0,0.0,0.0,0.0
0.0,0.0,0.0,0.0,0.002668699961875715,0.0,0.0,0.0,0.0
0.0,0.0,0.001510989010989011,0.0,0.0,0.0,0.0,0.0,0.0
0.0,0.0,0.0032967032967032967,0.0,0.0,0.0,0.0,0.0,0.0
0.0,0.0,0.001098901098901099,0.0,0.0,0.0,0.0,0.0,0.0
0.0,0.0,0.010439560439560439,0.0,0.0,0.0,0.0,0.0,0.0
0.0,0.0,0.0,0.0,0.029355699580632864,0.0,0.0,0.0,0.0
0.0,0.0,0.0017857142857142857,0.0,0.0,0.0,0.0,0.0,0.0
0.0,0.0,0.0,0.0,0.0,0.0,0.0,0.0,0.011122345803842264
0.0,0.0,0.0,0.0,0.0,0.0,0.0,0.0,0.004802831142568251
0.0,0.0,0.0,0.0,0.0,0.0,0.0,0.0,0.006319514661274014
0.0,0.0,0.0,0.0,0.0,0.0,0.0,0.0,0.001769464105156724
0.0,0.0,0.0,0.0,0.0,0.0,0.0,0.006724683544303798,0.0
0.0,0.0,0.0,0.0,0.0,0.0,0.0,0.028876582278481014,0.0
0.0,0.0,0.0,0.0,0.0,0.0,0.0,0.007515822784810127,0.0
0.004273504273504274,0.0,0.0,0.0,0.0,0.0,0.0,0.0,0.0
0.0,0.0,0.0,0.006615598885793872,0.0,0.0,0.0,0.0,0.0
0.0,0.0,0.008791208791208791,0.0,0.0,0.0,0.0,0.0,0.0
0.0,0.0,0.0,0.00504874651810585,0.0,0.0,0.0,0.0,0.0
0.0,0.0,0.0,0.0,0.0,0.0,0.005688282138794084,0.0,0.0
0.0014245014245014246,0.0,0.0,0.0,0.0,0.0,0.0,0.0,0.0
0.0,0.0,0.0,0.0,0.0,0.0,0.004835039817974972,0.0,0.0
0.0,0.0,0.0009615384615384616,0.0,0.0,0.0,0.0,0.0,0.0
0.0,0.0,0.0,0.0,0.0,0.0,0.0,0.0,0.005055611729019211
0.0,0.0,0.0,0.0,0.003431185665268776,0.0,0.0,0.0,0.0
0.0,0.0,0.0,0.0,0.0,0.0,0.0,0.0,0.002780586450960566
0.027777777777777776,0.0,0.0,0.0,0.0,0.0,0.0,0.0,0.0
0.0,0.0,0.0,0.0006093314763231198,0.0,0.0,0.0,0.0,0.0
0.0,0.0,0.0,0.0,0.0,0.0027114967462039045,0.0,0.0,0.0
0.0,0.0,0.0,0.0,0.0,0.0,0.0,0.0,0.04777553083923155
0.0,0.0,0.001510989010989011,0.0,0.0,0.0,0.0,0.0,0.0
0.0,0.0,0.0,0.0,0.0,0.0,0.0031285551763367463,0.0,0.0
0.0,0.0,0.0,0.0,0.0,0.0,0.010238907849829351,0.0,0.0
0.0,0.0,0.0,0.0,0.0019062142584826535,0.0,0.0,0.0,0.0
0.0,0.0,0.0,0.008008356545961003,0.0,0.0,0.0,0.0,0.0
0.0,0.0,0.00728021978021978,0.0,0.0,0.0,0.0,0.0,0.0
0.0,0.0,0.0,0.0,0.0,0.0,0.0,0.0,0.0037917087967644083
0.0,0.0,0.0,0.0009575208913649025,0.0,0.0,0.0,0.0,0.0
0.0,0.0,0.001098901098901099,0.0,0.0,0.0,0.0,0.0,0.0
0.0,0.0,0.0,0.0010445682451253482,0.0,0.0,0.0,0.0,0.0
0.0,0.0,0.0,0.0,0.0,0.0027114967462039045,0.0,0.0,0.0
0.0,0.01249442213297635,0.0,0.0,0.0,0.0,0.0,0.0,0.0
0.0,0.0,0.003021978021978022,0.0,0.0,0.0,0.0,0.0,0.0
0.0,0.0022311468094600626,0.0,0.0,0.0,0.0,0.0,0.0,0.0
0.002492877492877493,0.0,0.0,0.0,0.0,0.0,0.0,0.0,0.0
0.0,0.0,0.0,0.0,0.003431185665268776,0.0,0.0,0.0,0.0
0.0,0.0,0.0,0.0,0.007624857033930614,0.0,0.0,0.0,0.0
0.0,0.0,0.0,0.004004178272980502,0.0,0.0,0.0,0.0,0.0
0.0,0.0,0.0020604395604395605,0.0,0.0,0.0,0.0,0.0,0.0
0.0,0.0,0.0,0.0014798050139275766,0.0,0.0,0.0,0.0,0.0
0.0,0.0,0.0,0.0,0.0,0.0,0.0,0.0,0.01314459049544995
0.0,0.0,0.0,0.0,0.0,0.0,0.0,0.0,0.0025278058645096056
0.0,0.0,0.0,0.0,0.0,0.0,0.0,0.0,0.006825075834175936
0.0,0.0,0.0,0.0,0.0,0.0,0.0,0.0,0.007836198179979777
0.0,0.0,0.0,0.0,0.0,0.0,0.0,0.0,0.007077856420626896
0.003027065527065527,0.0,0.0,0.0,0.0,0.0,0.0,0.0,0.0
0.0,0.0,0.0,0.0,0.0,0.0,0.0,0.0,0.004044489383215369
0.0,0.0,0.0,0.0,0.0,0.0,0.0,0.0,0.002780586450960566
0.0,0.0,0.0,0.0,0.0,0.0,0.007679180887372013,0.0,0.0
0.0,0.0,0.0,0.0,0.0,0.0,0.0022753128555176336,0.0,0.0
0.0,0.0,0.0,0.0,0.0,0.0,0.0,0.0,0.0032861476238624874
0.0,0.0,0.0,0.0,0.0,0.0,0.003697383390216155,0.0,0.0
0.0,0.0,0.0,0.0020891364902506965,0.0,0.0,0.0,0.0,0.0
0.0,0.0,0.0,0.004700557103064067,0.0,0.0,0.0,0.0,0.0
0.0,0.0,0.0,0.0,0.0,0.0,0.0,0.0,0.0015166835187057635
0.0,0.0,0.0,0.0,0.0,0.0,0.002559726962457338,0.0,0.0
0.0,0.0,0.0,0.0,0.0,0.0,0.0,0.0,0.0012639029322548028
0.0,0.0,0.0,0.0,0.0,0.0,0.0,0.0,0.001769464105156724
0.0,0.0,0.0,0.0,0.0,0.0,0.004266211604095563,0.0,0.0
0.007478632478632479,0.0,0.0,0.0,0.0,0.0,0.0,0.0,0.0
0.0,0.0022311468094600626,0.0,0.0,0.0,0.0,0.0,0.0,0.0
0.015491452991452992,0.0,0.0,0.0,0.0,0.0,0.0,0.0,0.0
0.0,0.0,0.0,0.0,0.0,0.0,0.0034129692832764505,0.0,0.0
0.0,0.0,0.0,0.0,0.006481128478841022,0.0,0.0,0.0,0.0
0.0,0.0,0.0,0.0,0.0,0.0,0.0,0.0,0.009605662285136502
0.0,0.0,0.0,0.0,0.0,0.0,0.0,0.0,0.0015166835187057635
0.0,0.0,0.0,0.0,0.004956157072054899,0.0,0.0,0.0,0.0
0.0,0.0,0.0,0.0,0.0,0.0,0.0,0.0,0.007583417593528817
0.0,0.0,0.0,0.0,0.0,0.0,0.002844141069397042,0.0,0.0
0.0,0.0,0.0,0.0,0.0,0.0,0.0019908987485779293,0.0,0.0
0.0,0.0,0.0,0.0,0.0,0.0,0.0,0.0,0.0015166835187057635
0.0,0.0,0.0,0.0,0.0,0.0,0.0,0.0,0.003033367037411527
0.0,0.0,0.0,0.0,0.0,0.0,0.0,0.0,0.0025278058645096056
0.0,0.0,0.0,0.0,0.006099885627144491,0.0,0.0,0.0,0.0
0.0,0.0,0.0,0.0,0.0,0.0,0.0,0.0,0.0012639029322548028
0.0,0.0,0.0,0.0,0.002668699961875715,0.0,0.0,0.0,0.0
0.0,0.0,0.0,0.0,0.0,0.0,0.0,0.0,0.006319514661274014
0.0,0.0,0.003021978021978022,0.0,0.0,0.0,0.0,0.0,0.0
0.0,0.0,0.0,0.0,0.0,0.0,0.002559726962457338,0.0,0.0
0.0,0.0,0.0,0.0,0.0,0.0,0.0,0.0,0.001769464105156724
0.0,0.0,0.0,0.0,0.0,0.0,0.002559726962457338,0.0,0.0
0.0,0.0,0.0,0.002002089136490251,0.0,0.0,0.0,0.0,0.0
0.0,0.0,0.0,0.0,0.0,0.0,0.0,0.0,0.003033367037411527
0.0,0.0,0.0,0.0,0.004956157072054899,0.0,0.0,0.0,0.0
0.0,0.0,0.0,0.0,0.0,0.0,0.0,0.0,0.002275025278058645
0.0,0.0,0.0027472527472527475,0.0,0.0,0.0,0.0,0.0,0.0
0.0,0.0,0.0,0.0,0.0,0.008676789587852495,0.0,0.0,0.0
0.0,0.0,0.0,0.0,0.0,0.0,0.0,0.0,0.003538928210313448
0.0,0.0,0.0,0.0,0.0,0.0,0.0,0.0,0.001769464105156724
0.0,0.0,0.0,0.0,0.0,0.0,0.0,0.0,0.006825075834175936
0.0,0.0,0.0,0.0,0.0,0.0,0.0,0.0,0.008088978766430738
0.0,0.0,0.0,0.0020891364902506965,0.0,0.0,0.0,0.0,0.0
0.0,0.0,0.001098901098901099,0.0,0.0,0.0,0.0,0.0,0.0
0.0,0.0,0.0,0.0,0.0,0.0,0.003981797497155859,0.0,0.0
0.0,0.0,0.0,0.0,0.0,0.0,0.00540386803185438,0.0,0.0
0.0,0.0,0.0,0.0,0.01181852840259245,0.0,0.0,0.0,0.0
0.0,0.0,0.0,0.0,0.0,0.0,0.005972696245733789,0.0,0.0
0.0,0.0,0.0,0.0,0.0,0.0,0.001422070534698521,0.0,0.0
0.0,0.0,0.0,0.001653899721448468,0.0,0.0,0.0,0.0,0.0
0.0,0.0,0.0,0.0,0.0041936713686618375,0.0,0.0,0.0,0.0
0.0,0.0,0.0,0.0,0.002668699961875715,0.0,0.0,0.0,0.0
0.0,0.0,0.0013736263736263737,0.0,0.0,0.0,0.0,0.0,0.0
0.0,0.0,0.0,0.0,0.0,0.0,0.002559726962457338,0.0,0.0
0.0,0.0,0.0,0.0,0.0,0.0,0.006257110352673493,0.0,0.0
0.0,0.0,0.0,0.0,0.01181852840259245,0.0,0.0,0.0,0.0
0.0,0.0,0.0,0.0,0.00533739992375143,0.0,0.0,0.0,0.0
0.0,0.0,0.0,0.0,0.0,0.0,0.0,0.0,0.001769464105156724
0.0,0.0,0.0,0.0,0.007624857033930614,0.0,0.0,0.0,0.0
0.0008903133903133903,0.0,0.0,0.0,0.0,0.0,0.0,0.0,0.0
0.0,0.0,0.0,0.0,0.018299656881433472,0.0,0.0,0.0,0.0
0.0,0.0,0.0,0.0,0.01105604269919939,0.0,0.0,0.0,0.0
0.0,0.0,0.0,0.0,0.0,0.0,0.0022753128555176336,0.0,0.0
0.0,0.0,0.0,0.0,0.01639344262295082,0.0,0.0,0.0,0.0
0.0,0.0,0.0,0.0,0.0,0.0,0.001422070534698521,0.0,0.0
0.0,0.0,0.0,0.0010445682451253482,0.0,0.0,0.0,0.0,0.0
0.0,0.0,0.0,0.0,0.0,0.0,0.00540386803185438,0.0,0.0
0.0,0.0,0.0,0.0,0.002287457110179184,0.0,0.0,0.0,0.0
0.0,0.0,0.0,0.0,0.0,0.0,0.002844141069397042,0.0,0.0
0.00551994301994302,0.0,0.0,0.0,0.0,0.0,0.0,0.0,0.0
0.0,0.0,0.0012362637362637362,0.0,0.0,0.0,0.0,0.0,0.0
0.0,0.0,0.0,0.0,0.0041936713686618375,0.0,0.0,0.0,0.0
0.0,0.0,0.0,0.0,0.0,0.0,0.0,0.0,0.001769464105156724
0.0,0.0,0.0,0.0,0.0,0.0,0.0,0.0,0.005308392315470172
0.0,0.0,0.0,0.0,0.0,0.0,0.0,0.0,0.0012639029322548028
0.0,0.0,0.0,0.0,0.0,0.0,0.004266211604095563,0.0,0.0
0.0,0.0,0.0,0.0,0.0,0.0,0.004266211604095563,0.0,0.0
0.0,0.0,0.001098901098901099,0.0,0.0,0.0,0.0,0.0,0.0
0.0,0.0,0.0,0.0,0.0,0.0,0.0,0.0,0.002275025278058645
0.0,0.0,0.0,0.0,0.0,0.0,0.0,0.0,0.003033367037411527
0.0,0.0,0.0,0.0009575208913649025,0.0,0.0,0.0,0.0,0.0
0.0,0.0,0.0,0.0,0.0,0.0,0.0,0.0,0.005813953488372093
0.0,0.0,0.0,0.0,0.0,0.0,0.003697383390216155,0.0,0.0
0.0,0.0,0.0,0.0,0.0,0.0,0.001422070534698521,0.0,0.0
0.0,0.0,0.0,0.0,0.0,0.0,0.001422070534698521,0.0,0.0
0.0,0.0,0.0,0.003046657381615599,0.0,0.0,0.0,0.0,0.0
0.0,0.0,0.0,0.0,0.0,0.0,0.0,0.0,0.0020222446916076846
0.0,0.0,0.0,0.0012186629526462396,0.0,0.0,0.0,0.0,0.0
0.0,0.0,0.0,0.0,0.0,0.0,0.0,0.0,0.024014155712841254
0.0,0.006247211066488175,0.0,0.0,0.0,0.0,0.0,0.0,0.0
0.0,0.0,0.0,0.0026114206128133705,0.0,0.0,0.0,0.0,0.0
0.0,0.0,0.0,0.0009575208913649025,0.0,0.0,0.0,0.0,0.0
0.0,0.0,0.0,0.0,0.0,0.0,0.005119453924914676,0.0,0.0
0.0,0.0,0.0,0.0,0.0,0.0,0.002559726962457338,0.0,0.0
0.0,0.0,0.0,0.0,0.0,0.0,0.003697383390216155,0.0,0.0
0.0,0.0,0.0008241758241758242,0.0,0.0,0.0,0.0,0.0,0.0
0.0,0.0,0.0,0.0,0.0,0.0,0.0,0.008306962025316455,0.0
0.0,0.0,0.0,0.0,0.0,0.0,0.009954493742889647,0.0,0.0
0.0,0.0,0.003021978021978022,0.0,0.0,0.0,0.0,0.0,0.0
0.0010683760683760685,0.0,0.0,0.0,0.0,0.0,0.0,0.0,0.0
0.0012464387464387464,0.0,0.0,0.0,0.0,0.0,0.0,0.0,0.0
0.0008903133903133903,0.0,0.0,0.0,0.0,0.0,0.0,0.0,0.0
0.0008903133903133903,0.0,0.0,0.0,0.0,0.0,0.0,0.0,0.0
0.002136752136752137,0.0,0.0,0.0,0.0,0.0,0.0,0.0,0.0
0.0,0.0,0.0,0.00322075208913649,0.0,0.0,0.0,0.0,0.0
0.0073005698005698,0.0,0.0,0.0,0.0,0.0,0.0,0.0,0.0
0.00641025641025641,0.0,0.0,0.0,0.0,0.0,0.0,0.0,0.0
0.0,0.0,0.0,0.0,0.0,0.0,0.0,0.0,0.015419615773508595
0.005341880341880342,0.0,0.0,0.0,0.0,0.0,0.0,0.0,0.0
0.0,0.0,0.0,0.0013057103064066853,0.0,0.0,0.0,0.0,0.0
0.0012464387464387464,0.0,0.0,0.0,0.0,0.0,0.0,0.0,0.0
0.0,0.0,0.0,0.0,0.0,0.006507592190889371,0.0,0.0,0.0
0.0,0.0,0.0,0.0,0.0,0.0,0.002559726962457338,0.0,0.0
0.0,0.0,0.0,0.0,0.0,0.0,0.0,0.0,0.005055611729019211
0.0,0.0,0.0,0.0,0.009149828440716736,0.0,0.0,0.0,0.0
0.0,0.0,0.0,0.0,0.0,0.0,0.0,0.00435126582278481,0.0
0.0,0.0,0.0008241758241758242,0.0,0.0,0.0,0.0,0.0,0.0
0.001958689458689459,0.0,0.0,0.0,0.0,0.0,0.0,0.0,0.0
0.009081196581196582,0.0,0.0,0.0,0.0,0.0,0.0,0.0,0.0
0.0,0.0,0.0,0.0,0.0,0.0,0.001422070534698521,0.0,0.0
0.0,0.0,0.0,0.0,0.0,0.0,0.0,0.0,0.002780586450960566
0.0,0.0,0.0,0.0,0.0,0.0,0.001422070534698521,0.0,0.0
0.0,0.0,0.0,0.0,0.0,0.0,0.0,0.0,0.0015166835187057635
0.0,0.0,0.0,0.0,0.0,0.0,0.0,0.0,0.007836198179979777
0.0,0.0,0.0,0.0,0.0,0.0,0.003697383390216155,0.0,0.0
0.0,0.0,0.0,0.0,0.0,0.0,0.0,0.0,0.002780586450960566
0.0,0.0,0.0013736263736263737,0.0,0.0,0.0,0.0,0.0,0.0
0.0,0.0,0.0,0.0,0.002287457110179184,0.0,0.0,0.0,0.0
0.0,0.0,0.0,0.0,0.0,0.0,0.0034129692832764505,0.0,0.0
0.0,0.0,0.001098901098901099,0.0,0.0,0.0,0.0,0.0,0.0
0.0,0.0,0.0,0.0,0.0,0.0,0.0,0.0,0.0015166835187057635
0.0,0.0,0.0020604395604395605,0.0,0.0,0.0,0.0,0.0,0.0
0.0,0.0,0.0,0.0,0.0,0.0,0.002559726962457338,0.0,0.0
0.0,0.0,0.0,0.0,0.0,0.0,0.0,0.0,0.0020222446916076846
0.0,0.0,0.0,0.001392757660167131,0.0,0.0,0.0,0.0,0.0
0.0,0.0,0.0,0.0,0.0,0.0,0.005119453924914676,0.0,0.0
0.0,0.0,0.00467032967032967,0.0,0.0,0.0,0.0,0.0,0.0
0.0,0.0,0.0,0.0,0.0,0.003796095444685466,0.0,0.0,0.0
0.0,0.0,0.0009615384615384616,0.0,0.0,0.0,0.0,0.0,0.0
0.0,0.0,0.001098901098901099,0.0,0.0,0.0,0.0,0.0,0.0
0.0,0.0,0.0,0.0,0.0,0.0,0.0,0.0,0.0015166835187057635
0.0,0.0,0.0,0.0,0.0,0.0,0.002559726962457338,0.0,0.0
0.0,0.0,0.0,0.0,0.0,0.0,0.002559726962457338,0.0,0.0
0.0,0.0,0.0,0.0,0.0,0.0,0.0022753128555176336,0.0,0.0
0.0,0.0,0.0,0.0,0.0,0.0,0.0,0.0,0.00910010111223458
0.0,0.002677376171352075,0.0,0.0,0.0,0.0,0.0,0.0,0.0
0.0,0.0,0.0,0.0,0.0,0.0,0.0022753128555176336,0.0,0.0
0.0,0.0,0.001510989010989011,0.0,0.0,0.0,0.0,0.0,0.0
0.0,0.0,0.0,0.0,0.0,0.0,0.0,0.0,0.0015166835187057635
0.0,0.0,0.0,0.0,0.009912314144109797,0.0,0.0,0.0,0.0
0.0,0.0,0.0,0.0,0.0019062142584826535,0.0,0.0,0.0,0.0
0.0,0.0,0.0,0.0,0.0,0.0,0.0,0.0,0.003538928210313448
0.0,0.0,0.0,0.0,0.0019062142584826535,0.0,0.0,0.0,0.0
0.0,0.0,0.0,0.0,0.0,0.0,0.0031285551763367463,0.0,0.0
0.0,0.0,0.0,0.0,0.002287457110179184,0.0,0.0,0.0,0.0
0.0,0.0,0.0,0.0,0.002287457110179184,0.0,0.0,0.0,0.0
0.0,0.0,0.0,0.0,0.004956157072054899,0.0,0.0,0.0,0.0
0.0,0.0,0.0,0.0,0.0,0.0,0.003981797497155859,0.0,0.0
0.0,0.0,0.0,0.0,0.0,0.0,0.0,0.0,0.0012639029322548028
0.0,0.0,0.0,0.0,0.0,0.0,0.0,0.0,0.002275025278058645
0.0,0.0,0.0,0.0,0.0,0.0,0.0,0.0,0.00455005055611729
0.0,0.0,0.0,0.0,0.0,0.0,0.0,0.0,0.0012639029322548028
0.0,0.0,0.0,0.001131615598885794,0.0,0.0,0.0,0.0,0.0
0.0,0.0,0.0,0.0013057103064066853,0.0,0.0,0.0,0.0,0.0
0.0,0.0,0.0,0.0,0.0,0.0,0.0,0.0,0.0032861476238624874
0.0,0.0,0.0,0.0010445682451253482,0.0,0.0,0.0,0.0,0.0
0.0,0.0,0.0,0.0009575208913649025,0.0,0.0,0.0,0.0,0.0
0.0,0.0,0.0,0.0,0.0,0.005422993492407809,0.0,0.0,0.0
0.0,0.0,0.0,0.0,0.0,0.003796095444685466,0.0,0.0,0.0
0.0,0.0,0.0,0.0,0.0,0.0,0.001422070534698521,0.0,0.0
0.0,0.0,0.0,0.0,0.0,0.004338394793926247,0.0,0.0,0.0
0.0,0.0,0.0,0.0,0.0,0.0032537960954446853,0.0,0.0,0.0
0.0,0.0,0.0,0.001915041782729805,0.0,0.0,0.0,0.0,0.0
0.0,0.0,0.0008241758241758242,0.0,0.0,0.0,0.0,0.0,0.0
0.0010683760683760685,0.0,0.0,0.0,0.0,0.0,0.0,0.0,0.0
0.0,0.0,0.0,0.0,0.0,0.0,0.003981797497155859,0.0,0.0
0.0,0.0,0.0,0.001653899721448468,0.0,0.0,0.0,0.0,0.0
0.0012464387464387464,0.0,0.0,0.0,0.0,0.0,0.0,0.0,0.0
0.0,0.002677376171352075,0.0,0.0,0.0,0.0,0.0,0.0,0.0
0.0,0.0,0.0,0.0,0.0,0.0,0.003697383390216155,0.0,0.0
0.003205128205128205,0.0,0.0,0.0,0.0,0.0,0.0,0.0,0.0
0.0,0.0,0.0,0.0,0.0,0.0,0.0,0.0,0.003538928210313448
0.0,0.0,0.0,0.0,0.0,0.0,0.001422070534698521,0.0,0.0
0.0,0.0,0.0,0.0,0.0,0.0,0.0022753128555176336,0.0,0.0
0.0,0.0,0.0,0.0012186629526462396,0.0,0.0,0.0,0.0,0.0
0.0,0.0,0.0,0.0,0.0,0.0,0.0031285551763367463,0.0,0.0
0.0,0.0,0.0,0.01209958217270195,0.0,0.0,0.0,0.0,0.0
0.0,0.0,0.0,0.0,0.0,0.0,0.00881683731513083,0.0,0.0
0.0,0.0,0.0,0.003481894150417827,0.0,0.0,0.0,0.0,0.0
0.0,0.0,0.0,0.0008704735376044568,0.0,0.0,0.0,0.0,0.0
0.0,0.0,0.0,0.001392757660167131,0.0,0.0,0.0,0.0,0.0
0.0,0.0,0.0,0.0010445682451253482,0.0,0.0,0.0,0.0,0.0
0.0,0.0,0.0,0.0,0.0,0.0,0.001422070534698521,0.0,0.0
0.0,0.0,0.0,0.0017409470752089136,0.0,0.0,0.0,0.0,0.0
0.0,0.0,0.0,0.001392757660167131,0.0,0.0,0.0,0.0,0.0
0.0,0.0,0.0,0.0,0.0,0.0,0.0,0.0,0.0015166835187057635
0.0,0.0,0.0,0.0,0.0,0.0,0.002844141069397042,0.0,0.0
0.0,0.0,0.0,0.0,0.0,0.0,0.002844141069397042,0.0,0.0
0.0014245014245014246,0.0,0.0,0.0,0.0,0.0,0.0,0.0,0.0
0.0,0.0,0.0,0.0,0.0,0.0,0.0034129692832764505,0.0,0.0
0.0,0.0,0.0,0.0,0.0,0.0,0.0031285551763367463,0.0,0.0
0.0,0.0,0.0,0.001653899721448468,0.0,0.0,0.0,0.0,0.0
0.0008903133903133903,0.0,0.0,0.0,0.0,0.0,0.0,0.0,0.0
0.0,0.0,0.0,0.008878830083565459,0.0,0.0,0.0,0.0,0.0
0.0,0.0,0.0,0.0013057103064066853,0.0,0.0,0.0,0.0,0.0
0.0,0.0,0.0020604395604395605,0.0,0.0,0.0,0.0,0.0,0.0
0.0,0.0,0.0020604395604395605,0.0,0.0,0.0,0.0,0.0,0.0
0.0,0.0,0.0,0.0,0.0,0.0,0.0,0.020174050632911392,0.0
0.0,0.0,0.0,0.0,0.0,0.0,0.001422070534698521,0.0,0.0
0.0,0.0,0.0,0.0,0.0,0.0,0.002559726962457338,0.0,0.0
0.0012464387464387464,0.0,0.0,0.0,0.0,0.0,0.0,0.0,0.0
0.0,0.0,0.0009615384615384616,0.0,0.0,0.0,0.0,0.0,0.0
0.0014245014245014246,0.0,0.0,0.0,0.0,0.0,0.0,0.0,0.0
0.0,0.0,0.0,0.0,0.0,0.01193058568329718,0.0,0.0,0.0
0.0012464387464387464,0.0,0.0,0.0,0.0,0.0,0.0,0.0,0.0
0.0,0.0,0.0,0.0006093314763231198,0.0,0.0,0.0,0.0,0.0
0.0,0.0,0.0,0.0,0.002287457110179184,0.0,0.0,0.0,0.0
0.0008903133903133903,0.0,0.0,0.0,0.0,0.0,0.0,0.0,0.0
0.0,0.0,0.0,0.0,0.0,0.004338394793926247,0.0,0.0,0.0
0.0,0.0,0.0,0.0,0.0,0.005422993492407809,0.0,0.0,0.0
0.0,0.0,0.0,0.0,0.0,0.0,0.0,0.002768987341772152,0.0
0.0,0.0,0.0,0.0007834261838440111,0.0,0.0,0.0,0.0,0.0
0.0010683760683760685,0.0,0.0,0.0,0.0,0.0,0.0,0.0,0.0
0.0,0.0,0.0,0.0,0.0,0.0,0.0,0.0,0.002780586450960566
0.0,0.0,0.0,0.0,0.0,0.0,0.001422070534698521,0.0,0.0
0.0,0.0,0.0,0.0,0.0,0.0,0.0,0.0,0.0012639029322548028
0.0,0.0,0.0,0.0039171309192200555,0.0,0.0,0.0,0.0,0.0
0.0,0.00535475234270415,0.0,0.0,0.0,0.0,0.0,0.0,0.0
0.0,0.002677376171352075,0.0,0.0,0.0,0.0,0.0,0.0,0.0
0.0,0.0,0.0,0.004265320334261838,0.0,0.0,0.0,0.0,0.0
0.0,0.0,0.0,0.0,0.0,0.0,0.0,0.015031645569620253,0.0
0.0,0.0,0.0,0.0,0.0,0.0,0.0,0.002768987341772152,0.0
0.0,0.0022311468094600626,0.0,0.0,0.0,0.0,0.0,0.0,0.0
0.0,0.0,0.0,0.0,0.0,0.0,0.0,0.007120253164556962,0.0
0.0,0.0,0.0,0.0,0.0072436141822340835,0.0,0.0,0.0,0.0
0.0,0.0,0.004120879120879121,0.0,0.0,0.0,0.0,0.0,0.0
0.0,0.0,0.0,0.0,0.013724742661075104,0.0,0.0,0.0,0.0
0.0,0.0,0.0,0.0,0.0,0.0,0.0,0.0,0.004044489383215369
0.0,0.0,0.0,0.0,0.0,0.0,0.0,0.0,0.004297269969666329
0.0,0.0,0.0,0.0017409470752089136,0.0,0.0,0.0,0.0,0.0
0.0012464387464387464,0.0,0.0,0.0,0.0,0.0,0.0,0.0,0.0
0.0,0.0,0.0,0.0,0.0,0.0,0.0,0.0,0.0012639029322548028
0.0,0.0,0.0,0.0,0.006862371330537552,0.0,0.0,0.0,0.0
0.0,0.0,0.005494505494505495,0.0,0.0,0.0,0.0,0.0,0.0
0.0,0.0,0.0,0.0,0.0,0.0,0.0,0.0,0.02300303336703741
0.0,0.0,0.0016483516483516484,0.0,0.0,0.0,0.0,0.0,0.0
0.0010683760683760685,0.0,0.0,0.0,0.0,0.0,0.0,0.0,0.0
0.0,0.0,0.0,0.0,0.01181852840259245,0.0,0.0,0.0,0.0
0.0,0.0,0.0009615384615384616,0.0,0.0,0.0,0.0,0.0,0.0
0.0,0.0,0.0013736263736263737,0.0,0.0,0.0,0.0,0.0,0.0
0.0008903133903133903,0.0,0.0,0.0,0.0,0.0,0.0,0.0,0.0
0.0014245014245014246,0.0,0.0,0.0,0.0,0.0,0.0,0.0,0.0
0.0012464387464387464,0.0,0.0,0.0,0.0,0.0,0.0,0.0,0.0
0.0,0.0,0.0,0.0,0.0,0.0,0.002559726962457338,0.0,0.0
0.0,0.0,0.0,0.0,0.0041936713686618375,0.0,0.0,0.0,0.0
0.0,0.0,0.0,0.0,0.0,0.0,0.0,0.0,0.006572295247724975
0.0,0.0,0.0,0.0008704735376044568,0.0,0.0,0.0,0.0,0.0
0.0,0.0,0.0,0.0009575208913649025,0.0,0.0,0.0,0.0,0.0
0.0,0.0,0.0,0.0,0.00533739992375143,0.0,0.0,0.0,0.0
0.0,0.0,0.0,0.0018279944289693593,0.0,0.0,0.0,0.0,0.0
0.0,0.0,0.0,0.0,0.0,0.0,0.003981797497155859,0.0,0.0
0.0,0.0,0.0,0.0,0.0,0.0,0.0,0.006329113924050633,0.0
0.0008903133903133903,0.0,0.0,0.0,0.0,0.0,0.0,0.0,0.0
0.0,0.0,0.0,0.0008704735376044568,0.0,0.0,0.0,0.0,0.0
0.0,0.0,0.0,0.0,0.0030499428135722455,0.0,0.0,0.0,0.0
0.0,0.0,0.0,0.0,0.0030499428135722455,0.0,0.0,0.0,0.0
0.0,0.0,0.001510989010989011,0.0,0.0,0.0,0.0,0.0,0.0
0.0,0.0,0.0032967032967032967,0.0,0.0,0.0,0.0,0.0,0.0
0.0,0.0,0.0,0.0,0.0,0.0027114967462039045,0.0,0.0,0.0
0.0,0.0035698348951361,0.0,0.0,0.0,0.0,0.0,0.0,0.0
0.0,0.008478357875948238,0.0,0.0,0.0,0.0,0.0,0.0,0.0
0.0,0.0,0.0,0.002263231197771588,0.0,0.0,0.0,0.0,0.0
0.0,0.0,0.0,0.0014798050139275766,0.0,0.0,0.0,0.0,0.0
0.0008903133903133903,0.0,0.0,0.0,0.0,0.0,0.0,0.0,0.0
0.0,0.0,0.0,0.0039171309192200555,0.0,0.0,0.0,0.0,0.0
0.0010683760683760685,0.0,0.0,0.0,0.0,0.0,0.0,0.0,0.0
0.0,0.0,0.0,0.0,0.0,0.0,0.0,0.004746835443037975,0.0
0.0,0.0,0.0,0.0,0.002287457110179184,0.0,0.0,0.0,0.0
0.0,0.0,0.0,0.0,0.0,0.0,0.003981797497155859,0.0,0.0
0.0,0.0,0.0052197802197802195,0.0,0.0,0.0,0.0,0.0,0.0
0.0,0.0,0.0,0.0,0.0,0.0,0.005688282138794084,0.0,0.0
0.0,0.0,0.0,0.0,0.0,0.0,0.0,0.0,0.004802831142568251
0.0,0.002677376171352075,0.0,0.0,0.0,0.0,0.0,0.0,0.0
0.0,0.006247211066488175,0.0,0.0,0.0,0.0,0.0,0.0,0.0
0.0,0.0,0.0,0.0026114206128133705,0.0,0.0,0.0,0.0,0.0
0.0,0.0,0.0,0.0,0.0,0.006507592190889371,0.0,0.0,0.0
0.0,0.004016064257028112,0.0,0.0,0.0,0.0,0.0,0.0,0.0
0.002136752136752137,0.0,0.0,0.0,0.0,0.0,0.0,0.0,0.0
0.0,0.005800981704596163,0.0,0.0,0.0,0.0,0.0,0.0,0.0
0.0,0.0,0.0,0.0,0.002668699961875715,0.0,0.0,0.0,0.0
0.0,0.0,0.0,0.002524373259052925,0.0,0.0,0.0,0.0,0.0
0.0012464387464387464,0.0,0.0,0.0,0.0,0.0,0.0,0.0,0.0
0.0,0.0,0.0,0.0,0.003812428516965307,0.0,0.0,0.0,0.0
0.0,0.0,0.0,0.0006093314763231198,0.0,0.0,0.0,0.0,0.0
0.0023148148148148147,0.0,0.0,0.0,0.0,0.0,0.0,0.0,0.0
0.0,0.0,0.0,0.0010445682451253482,0.0,0.0,0.0,0.0,0.0
0.0008903133903133903,0.0,0.0,0.0,0.0,0.0,0.0,0.0,0.0
0.0,0.0,0.0,0.0033948467966573815,0.0,0.0,0.0,0.0,0.0
0.0,0.0,0.0,0.0,0.0,0.0,0.0,0.0,0.005055611729019211
0.0,0.0,0.0,0.0013057103064066853,0.0,0.0,0.0,0.0,0.0
0.0,0.0,0.0,0.0,0.0,0.0,0.0,0.001977848101265823,0.0
0.0,0.012048192771084338,0.0,0.0,0.0,0.0,0.0,0.0,0.0
0.0,0.0,0.0,0.0,0.0,0.0,0.0,0.001977848101265823,0.0
0.0,0.0,0.0028846153846153848,0.0,0.0,0.0,0.0,0.0,0.0
0.0,0.0,0.0,0.0,0.0,0.0,0.002844141069397042,0.0,0.0
0.0,0.0,0.0006868131868131869,0.0,0.0,0.0,0.0,0.0,0.0
0.0,0.0,0.0,0.0012186629526462396,0.0,0.0,0.0,0.0,0.0
0.0,0.0,0.0009615384615384616,0.0,0.0,0.0,0.0,0.0,0.0
0.0,0.0,0.0,0.0,0.0,0.0,0.0,0.002768987341772152,0.0
0.0,0.0,0.0,0.0,0.0,0.0,0.004266211604095563,0.0,0.0
0.001958689458689459,0.0,0.0,0.0,0.0,0.0,0.0,0.0,0.0
0.0,0.0,0.0,0.0,0.0,0.0,0.001422070534698521,0.0,0.0
0.0023148148148148147,0.0,0.0,0.0,0.0,0.0,0.0,0.0,0.0
0.0,0.0,0.0,0.0,0.0,0.013557483731019523,0.0,0.0,0.0
0.0,0.0,0.0,0.0,0.0,0.0,0.0,0.0,0.0015166835187057635
0.0,0.0,0.0,0.0,0.0,0.0,0.0,0.0,0.002780586450960566
0.0,0.0,0.0,0.0023502785515320335,0.0,0.0,0.0,0.0,0.0
0.0,0.0,0.0,0.0,0.0,0.0,0.0,0.0,0.0020222446916076846
0.0,0.0,0.0,0.0,0.002287457110179184,0.0,0.0,0.0,0.0
0.0,0.0,0.0,0.0,0.0,0.0,0.0,0.0,0.001769464105156724
0.0,0.0,0.0,0.0,0.004574914220358368,0.0,0.0,0.0,0.0
0.0,0.0,0.0,0.0,0.0,0.0,0.0034129692832764505,0.0,0.0
0.0,0.0,0.0,0.0,0.0,0.0,0.0,0.0,0.004297269969666329
0.0,0.0,0.0006868131868131869,0.0,0.0,0.0,0.0,0.0,0.0
0.005163817663817663,0.0,0.0,0.0,0.0,0.0,0.0,0.0,0.0
0.0,0.0,0.0,0.0,0.0,0.0,0.001422070534698521,0.0,0.0
0.0,0.0,0.0,0.0,0.0,0.0,0.006257110352673493,0.0,0.0
0.0,0.0,0.0,0.0,0.0,0.0,0.002559726962457338,0.0,0.0
0.0,0.0,0.0009615384615384616,0.0,0.0,0.0,0.0,0.0,0.0
0.0,0.0,0.0006868131868131869,0.0,0.0,0.0,0.0,0.0,0.0
0.0,0.0,0.0,0.0,0.0,0.0,0.0031285551763367463,0.0,0.0
0.0,0.0,0.0,0.0,0.002287457110179184,0.0,0.0,0.0,0.0
0.0,0.0,0.0008241758241758242,0.0,0.0,0.0,0.0,0.0,0.0
0.0,0.0,0.0,0.002002089136490251,0.0,0.0,0.0,0.0,0.0
0.002670940170940171,0.0,0.0,0.0,0.0,0.0,0.0,0.0,0.0
0.0,0.0,0.0,0.002524373259052925,0.0,0.0,0.0,0.0,0.0
0.0,0.0,0.0,0.0,0.0,0.0,0.002844141069397042,0.0,0.0
0.0,0.0,0.005357142857142857,0.0,0.0,0.0,0.0,0.0,0.0
0.003027065527065527,0.0,0.0,0.0,0.0,0.0,0.0,0.0,0.0
0.0,0.0,0.0,0.0015668523676880223,0.0,0.0,0.0,0.0,0.0
0.0,0.0,0.0,0.0,0.0,0.0,0.002559726962457338,0.0,0.0
0.0,0.0,0.0,0.0,0.002287457110179184,0.0,0.0,0.0,0.0
0.0,0.0,0.0,0.0,0.0,0.0,0.004550625711035267,0.0,0.0
0.0,0.0,0.0,0.0,0.0,0.00596529284164859,0.0,0.0,0.0
0.0,0.0,0.0009615384615384616,0.0,0.0,0.0,0.0,0.0,0.0
0.0,0.0,0.0020604395604395605,0.0,0.0,0.0,0.0,0.0,0.0
0.0,0.0022311468094600626,0.0,0.0,0.0,0.0,0.0,0.0,0.0
0.0,0.009817045961624275,0.0,0.0,0.0,0.0,0.0,0.0,0.0
0.0017806267806267807,0.0,0.0,0.0,0.0,0.0,0.0,0.0,0.0
0.0,0.0,0.0,0.0,0.0,0.0,0.0,0.005142405063291139,0.0
0.0,0.0,0.0,0.0,0.0,0.0,0.0,0.013449367088607595,0.0
0.0,0.0,0.003021978021978022,0.0,0.0,0.0,0.0,0.0,0.0
0.0,0.0,0.0,0.0,0.0,0.0,0.0,0.006724683544303798,0.0
0.0,0.0,0.0,0.002698467966573816,0.0,0.0,0.0,0.0,0.0
0.0,0.0,0.0,0.0,0.0,0.0,0.0,0.001977848101265823,0.0
0.0,0.0,0.0,0.001653899721448468,0.0,0.0,0.0,0.0,0.0
0.0,0.0,0.0,0.0,0.002668699961875715,0.0,0.0,0.0,0.0
0.0,0.0,0.0,0.0,0.002668699961875715,0.0,0.0,0.0,0.0
0.0,0.0,0.0,0.001392757660167131,0.0,0.0,0.0,0.0,0.0
0.0,0.0,0.0,0.0,0.017537171178040413,0.0,0.0,0.0,0.0
0.0,0.0,0.0,0.0,0.0,0.0,0.003697383390216155,0.0,0.0
0.0,0.0,0.0,0.0,0.0,0.0,0.00540386803185438,0.0,0.0
0.0,0.0,0.0,0.0013057103064066853,0.0,0.0,0.0,0.0,0.0
0.0,0.0,0.0,0.0013057103064066853,0.0,0.0,0.0,0.0,0.0
0.0008903133903133903,0.0,0.0,0.0,0.0,0.0,0.0,0.0,0.0
0.0,0.0,0.0006868131868131869,0.0,0.0,0.0,0.0,0.0,0.0
0.0,0.0,0.0,0.001653899721448468,0.0,0.0,0.0,0.0,0.0
0.0010683760683760685,0.0,0.0,0.0,0.0,0.0,0.0,0.0,0.0
0.0,0.0,0.0,0.0014798050139275766,0.0,0.0,0.0,0.0,0.0
0.0,0.0,0.0012362637362637362,0.0,0.0,0.0,0.0,0.0,0.0
0.0,0.0,0.0006868131868131869,0.0,0.0,0.0,0.0,0.0,0.0
0.002670940170940171,0.0,0.0,0.0,0.0,0.0,0.0,0.0,0.0
0.0,0.0,0.001510989010989011,0.0,0.0,0.0,0.0,0.0,0.0
0.0,0.0,0.0,0.0,0.0,0.0,0.0,0.0023734177215189874,0.0
0.0,0.0,0.0,0.0,0.0,0.0,0.0,0.007120253164556962,0.0
0.0,0.0,0.0013736263736263737,0.0,0.0,0.0,0.0,0.0,0.0
0.0,0.0,0.0,0.0014798050139275766,0.0,0.0,0.0,0.0,0.0
0.0,0.0,0.0008241758241758242,0.0,0.0,0.0,0.0,0.0,0.0
0.0,0.0,0.0,0.0,0.0,0.0,0.0,0.0,0.003033367037411527
0.0,0.0,0.0006868131868131869,0.0,0.0,0.0,0.0,0.0,0.0
0.0008903133903133903,0.0,0.0,0.0,0.0,0.0,0.0,0.0,0.0
0.0,0.0,0.0008241758241758242,0.0,0.0,0.0,0.0,0.0,0.0
0.0,0.0,0.0006868131868131869,0.0,0.0,0.0,0.0,0.0,0.0
0.0,0.0,0.0,0.0,0.008006099885627144,0.0,0.0,0.0,0.0
0.0,0.0,0.0008241758241758242,0.0,0.0,0.0,0.0,0.0,0.0
0.0,0.0,0.0,0.0,0.0,0.010303687635574838,0.0,0.0,0.0
0.0,0.0,0.001510989010989011,0.0,0.0,0.0,0.0,0.0,0.0
0.0,0.0,0.0,0.0,0.0,0.0,0.002559726962457338,0.0,0.0
0.0,0.0,0.001510989010989011,0.0,0.0,0.0,0.0,0.0,0.0
0.0,0.0,0.0,0.0,0.0,0.0,0.001422070534698521,0.0,0.0
0.0,0.0,0.0009615384615384616,0.0,0.0,0.0,0.0,0.0,0.0
0.0,0.0,0.0020604395604395605,0.0,0.0,0.0,0.0,0.0,0.0
0.0,0.0,0.0013736263736263737,0.0,0.0,0.0,0.0,0.0,0.0
0.0,0.0,0.0016483516483516484,0.0,0.0,0.0,0.0,0.0,0.0
0.0,0.0,0.0006868131868131869,0.0,0.0,0.0,0.0,0.0,0.0
0.0,0.0,0.0,0.0,0.004574914220358368,0.0,0.0,0.0,0.0
0.0,0.0,0.0,0.0031337047353760445,0.0,0.0,0.0,0.0,0.0
0.0,0.0,0.0013736263736263737,0.0,0.0,0.0,0.0,0.0,0.0
0.0,0.0,0.0,0.0,0.006481128478841022,0.0,0.0,0.0,0.0
0.0,0.0,0.0013736263736263737,0.0,0.0,0.0,0.0,0.0,0.0
0.0,0.0,0.0016483516483516484,0.0,0.0,0.0,0.0,0.0,0.0
0.0,0.0,0.0,0.0,0.0,0.0,0.01478953356086462,0.0,0.0
0.0,0.0,0.001510989010989011,0.0,0.0,0.0,0.0,0.0,0.0
0.0,0.0,0.004807692307692308,0.0,0.0,0.0,0.0,0.0,0.0
0.0,0.0,0.003021978021978022,0.0,0.0,0.0,0.0,0.0,0.0
0.0,0.0,0.004395604395604396,0.0,0.0,0.0,0.0,0.0,0.0
0.0,0.0,0.0006868131868131869,0.0,0.0,0.0,0.0,0.0,0.0
0.0,0.0,0.001098901098901099,0.0,0.0,0.0,0.0,0.0,0.0
0.0,0.0,0.0008241758241758242,0.0,0.0,0.0,0.0,0.0,0.0
0.0,0.0,0.0,0.0,0.0030499428135722455,0.0,0.0,0.0,0.0
0.0,0.0,0.002335164835164835,0.0,0.0,0.0,0.0,0.0,0.0
0.0,0.0,0.001510989010989011,0.0,0.0,0.0,0.0,0.0,0.0
0.0,0.0,0.0,0.0,0.013343499809378575,0.0,0.0,0.0,0.0
0.0014245014245014246,0.0,0.0,0.0,0.0,0.0,0.0,0.0,0.0
0.0,0.0,0.0009615384615384616,0.0,0.0,0.0,0.0,0.0,0.0
0.0,0.0,0.0,0.0,0.006862371330537552,0.0,0.0,0.0,0.0
0.0,0.0,0.0017857142857142857,0.0,0.0,0.0,0.0,0.0,0.0
0.0,0.0,0.0006868131868131869,0.0,0.0,0.0,0.0,0.0,0.0
0.0,0.0,0.0013736263736263737,0.0,0.0,0.0,0.0,0.0,0.0
0.0,0.0,0.0,0.0,0.0,0.0,0.005688282138794084,0.0,0.0
0.0,0.0,0.001098901098901099,0.0,0.0,0.0,0.0,0.0,0.0
0.0,0.0,0.0,0.0,0.0,0.0,0.007963594994311717,0.0,0.0
0.0,0.0,0.0,0.0,0.0,0.0,0.0,0.0,0.006319514661274014
0.0,0.0,0.0,0.0,0.002668699961875715,0.0,0.0,0.0,0.0
0.0,0.0,0.0009615384615384616,0.0,0.0,0.0,0.0,0.0,0.0
0.0,0.0,0.0,0.001653899721448468,0.0,0.0,0.0,0.0,0.0
0.0,0.0,0.0027472527472527475,0.0,0.0,0.0,0.0,0.0,0.0
0.0,0.0,0.0020604395604395605,0.0,0.0,0.0,0.0,0.0,0.0
0.0,0.0,0.0,0.0,0.0,0.0027114967462039045,0.0,0.0,0.0
0.0,0.0,0.0,0.0,0.0,0.0,0.0,0.007911392405063292,0.0
0.0,0.0,0.0,0.0,0.003812428516965307,0.0,0.0,0.0,0.0
0.0,0.0,0.0,0.0,0.0,0.0032537960954446853,0.0,0.0,0.0
0.0,0.0,0.0013736263736263737,0.0,0.0,0.0,0.0,0.0,0.0
0.0,0.0,0.0,0.0,0.0,0.003796095444685466,0.0,0.0,0.0
0.0,0.0,0.0005494505494505495,0.0,0.0,0.0,0.0,0.0,0.0
0.0,0.0,0.008241758241758242,0.0,0.0,0.0,0.0,0.0,0.0
0.0,0.0,0.0,0.0,0.0,0.0,0.001422070534698521,0.0,0.0
0.0,0.0,0.0,0.0,0.0,0.009219088937093275,0.0,0.0,0.0
0.0,0.0,0.0,0.0,0.0,0.0,0.0,0.0023734177215189874,0.0
0.0,0.011155734047300312,0.0,0.0,0.0,0.0,0.0,0.0,0.0
0.0,0.008032128514056224,0.0,0.0,0.0,0.0,0.0,0.0,0.0
0.0,0.0,0.0,0.0,0.0,0.0,0.0,0.009098101265822785,0.0
0.0,0.0,0.0,0.0,0.0,0.0,0.0,0.002768987341772152,0.0
0.0,0.0,0.0,0.0,0.0,0.0,0.00540386803185438,0.0,0.0
0.0,0.0,0.0,0.0,0.0,0.0,0.0,0.0023734177215189874,0.0
0.0,0.0,0.0,0.002698467966573816,0.0,0.0,0.0,0.0,0.0
0.0,0.0,0.0,0.0,0.0,0.0,0.0019908987485779293,0.0,0.0
0.0,0.0,0.0,0.0,0.0,0.0,0.001422070534698521,0.0,0.0
0.0,0.0,0.0,0.0,0.0030499428135722455,0.0,0.0,0.0,0.0
0.0,0.0,0.0,0.0012186629526462396,0.0,0.0,0.0,0.0,0.0
0.0,0.0,0.0008241758241758242,0.0,0.0,0.0,0.0,0.0,0.0
0.0010683760683760685,0.0,0.0,0.0,0.0,0.0,0.0,0.0,0.0
0.002849002849002849,0.0,0.0,0.0,0.0,0.0,0.0,0.0,0.0
0.0,0.006693440428380187,0.0,0.0,0.0,0.0,0.0,0.0,0.0
0.0,0.0,0.0,0.0,0.0,0.0,0.0,0.0,0.0015166835187057635
0.0,0.0,0.0,0.0,0.003812428516965307,0.0,0.0,0.0,0.0
0.0017806267806267807,0.0,0.0,0.0,0.0,0.0,0.0,0.0,0.0
0.002136752136752137,0.0,0.0,0.0,0.0,0.0,0.0,0.0,0.0
0.0,0.0,0.0,0.0,0.0,0.0,0.0,0.0,0.0015166835187057635
0.003027065527065527,0.0,0.0,0.0,0.0,0.0,0.0,0.0,0.0
0.013710826210826211,0.0,0.0,0.0,0.0,0.0,0.0,0.0,0.0
0.0023148148148148147,0.0,0.0,0.0,0.0,0.0,0.0,0.0,0.0
0.0,0.0,0.0016483516483516484,0.0,0.0,0.0,0.0,0.0,0.0
0.0008903133903133903,0.0,0.0,0.0,0.0,0.0,0.0,0.0,0.0
0.004451566951566952,0.0,0.0,0.0,0.0,0.0,0.0,0.0,0.0
0.0,0.0,0.0,0.0,0.0,0.0,0.0,0.004746835443037975,0.0
0.0,0.0,0.0,0.0,0.0,0.0,0.0,0.0,0.006319514661274014
0.0,0.0,0.0031593406593406594,0.0,0.0,0.0,0.0,0.0,0.0
0.0,0.0,0.0,0.0,0.0,0.008134490238611713,0.0,0.0,0.0
0.0,0.0,0.0,0.002263231197771588,0.0,0.0,0.0,0.0,0.0
0.0,0.0,0.0,0.0,0.0,0.0,0.001422070534698521,0.0,0.0
0.0010683760683760685,0.0,0.0,0.0,0.0,0.0,0.0,0.0,0.0
0.0008903133903133903,0.0,0.0,0.0,0.0,0.0,0.0,0.0,0.0
0.0,0.0,0.0,0.0,0.0,0.0027114967462039045,0.0,0.0,0.0
0.0,0.0,0.0,0.0,0.0019062142584826535,0.0,0.0,0.0,0.0
0.0012464387464387464,0.0,0.0,0.0,0.0,0.0,0.0,0.0,0.0
0.0,0.0,0.0020604395604395605,0.0,0.0,0.0,0.0,0.0,0.0
0.0,0.0,0.0,0.0,0.002668699961875715,0.0,0.0,0.0,0.0
0.0,0.0,0.0,0.0,0.002287457110179184,0.0,0.0,0.0,0.0
0.0,0.0,0.0,0.0,0.0030499428135722455,0.0,0.0,0.0,0.0
0.0,0.0,0.0,0.0,0.0,0.004338394793926247,0.0,0.0,0.0
0.0,0.0,0.0,0.0,0.0,0.003796095444685466,0.0,0.0,0.0
0.0,0.0,0.0005494505494505495,0.0,0.0,0.0,0.0,0.0,0.0
0.0,0.0,0.0013736263736263737,0.0,0.0,0.0,0.0,0.0,0.0
0.0008903133903133903,0.0,0.0,0.0,0.0,0.0,0.0,0.0,0.0
0.0,0.0,0.0016483516483516484,0.0,0.0,0.0,0.0,0.0,0.0
0.0,0.0,0.0,0.0,0.002287457110179184,0.0,0.0,0.0,0.0
0.0,0.0,0.0,0.0,0.0019062142584826535,0.0,0.0,0.0,0.0
0.0,0.0,0.0009615384615384616,0.0,0.0,0.0,0.0,0.0,0.0
0.0,0.0,0.0,0.0,0.0,0.0,0.0,0.0,0.0012639029322548028
0.0,0.0,0.0,0.005483983286908078,0.0,0.0,0.0,0.0,0.0
0.0,0.0,0.0,0.0009575208913649025,0.0,0.0,0.0,0.0,0.0
0.0008903133903133903,0.0,0.0,0.0,0.0,0.0,0.0,0.0,0.0
0.0,0.0,0.0012362637362637362,0.0,0.0,0.0,0.0,0.0,0.0
0.0,0.0,0.0,0.0,0.0,0.0,0.0031285551763367463,0.0,0.0
0.0,0.0,0.001098901098901099,0.0,0.0,0.0,0.0,0.0,0.0
0.0,0.0,0.0,0.0,0.0,0.00596529284164859,0.0,0.0,0.0
0.0,0.0,0.0,0.0,0.0,0.0,0.0022753128555176336,0.0,0.0
0.0,0.0,0.0,0.0,0.0,0.0,0.0,0.005142405063291139,0.0
0.0,0.0,0.0008241758241758242,0.0,0.0,0.0,0.0,0.0,0.0
0.0,0.0,0.001510989010989011,0.0,0.0,0.0,0.0,0.0,0.0
0.0,0.0,0.0,0.00322075208913649,0.0,0.0,0.0,0.0,0.0
0.0,0.0,0.0,0.0,0.0,0.0,0.0,0.0,0.0015166835187057635
0.0,0.0,0.0,0.0,0.0,0.0,0.0,0.0,0.0012639029322548028
0.0,0.0,0.0,0.0,0.0,0.005422993492407809,0.0,0.0,0.0
0.0,0.0,0.0,0.0,0.0,0.00596529284164859,0.0,0.0,0.0
0.0,0.0,0.0,0.0,0.0,0.004338394793926247,0.0,0.0,0.0
0.0,0.0,0.0,0.0,0.0,0.0,0.0,0.003560126582278481,0.0
0.0008903133903133903,0.0,0.0,0.0,0.0,0.0,0.0,0.0,0.0
0.0014245014245014246,0.0,0.0,0.0,0.0,0.0,0.0,0.0,0.0
0.0,0.0,0.0,0.0009575208913649025,0.0,0.0,0.0,0.0,0.0
0.00551994301994302,0.0,0.0,0.0,0.0,0.0,0.0,0.0,0.0
0.0,0.0,0.0,0.0,0.002668699961875715,0.0,0.0,0.0,0.0
0.0,0.0,0.0,0.0,0.0,0.0,0.0022753128555176336,0.0,0.0
0.0,0.0,0.0,0.0,0.0,0.007592190889370932,0.0,0.0,0.0
0.0,0.0,0.0,0.0,0.0,0.007592190889370932,0.0,0.0,0.0
0.0,0.0,0.0,0.0,0.0,0.007592190889370932,0.0,0.0,0.0
0.0,0.0,0.0,0.0,0.0,0.008134490238611713,0.0,0.0,0.0
0.0,0.0,0.0,0.0,0.0,0.007592190889370932,0.0,0.0,0.0
0.0,0.0,0.0,0.0,0.0,0.007592190889370932,0.0,0.0,0.0
0.0,0.0,0.0,0.0,0.0,0.007592190889370932,0.0,0.0,0.0
0.0,0.0,0.0,0.0,0.0,0.0027114967462039045,0.0,0.0,0.0
0.0,0.0,0.0,0.0,0.0,0.0,0.0,0.002768987341772152,0.0
0.0,0.0,0.0,0.0,0.0,0.0,0.002844141069397042,0.0,0.0
0.0,0.0,0.0,0.0,0.0,0.0,0.0022753128555176336,0.0,0.0
0.0,0.0,0.0,0.003568941504178273,0.0,0.0,0.0,0.0,0.0
0.0,0.0,0.0,0.0,0.0,0.0,0.0,0.001977848101265823,0.0
0.0,0.0,0.0,0.0,0.0,0.0,0.003697383390216155,0.0,0.0
0.0,0.0,0.0,0.0,0.0,0.0,0.0031285551763367463,0.0,0.0
0.0014245014245014246,0.0,0.0,0.0,0.0,0.0,0.0,0.0,0.0
0.0,0.0,0.0,0.0005222841225626741,0.0,0.0,0.0,0.0,0.0
0.0,0.0,0.001098901098901099,0.0,0.0,0.0,0.0,0.0,0.0
0.0,0.0,0.0,0.0,0.0,0.0,0.0,0.0,0.0037917087967644083
0.0,0.0,0.0,0.0,0.0,0.0,0.0,0.0,0.0015166835187057635
0.0,0.0,0.003434065934065934,0.0,0.0,0.0,0.0,0.0,0.0
0.0,0.0,0.0008241758241758242,0.0,0.0,0.0,0.0,0.0,0.0
0.0,0.0,0.0,0.0,0.0,0.0,0.0,0.003560126582278481,0.0
0.0,0.0,0.0,0.001392757660167131,0.0,0.0,0.0,0.0,0.0
0.0,0.0,0.0,0.0,0.004574914220358368,0.0,0.0,0.0,0.0
0.0,0.0,0.0009615384615384616,0.0,0.0,0.0,0.0,0.0,0.0
0.0,0.0,0.0,0.002002089136490251,0.0,0.0,0.0,0.0,0.0
0.0,0.0,0.0,0.0,0.0,0.0,0.0,0.0023734177215189874,0.0
0.0,0.0,0.0,0.0,0.0,0.0,0.0,0.0,0.0020222446916076846
0.0012464387464387464,0.0,0.0,0.0,0.0,0.0,0.0,0.0,0.0
0.0,0.0,0.0013736263736263737,0.0,0.0,0.0,0.0,0.0,0.0
0.002492877492877493,0.0,0.0,0.0,0.0,0.0,0.0,0.0,0.0
0.0012464387464387464,0.0,0.0,0.0,0.0,0.0,0.0,0.0,0.0
0.0,0.0,0.0,0.0,0.0,0.0,0.002559726962457338,0.0,0.0
0.0,0.0,0.0008241758241758242,0.0,0.0,0.0,0.0,0.0,0.0
0.0,0.0,0.0008241758241758242,0.0,0.0,0.0,0.0,0.0,0.0
0.0,0.0,0.0,0.0,0.0,0.0,0.002844141069397042,0.0,0.0
0.0,0.0,0.0,0.0,0.0,0.0,0.0022753128555176336,0.0,0.0
0.0,0.0,0.0,0.0,0.0,0.0,0.0,0.0,0.001769464105156724
0.0,0.01249442213297635,0.0,0.0,0.0,0.0,0.0,0.0,0.0
0.0,0.0,0.0,0.0,0.0,0.0,0.0,0.005537974683544304,0.0
0.0,0.0,0.0006868131868131869,0.0,0.0,0.0,0.0,0.0,0.0
0.0,0.0,0.0,0.0,0.0,0.0,0.001422070534698521,0.0,0.0
0.0,0.0,0.0008241758241758242,0.0,0.0,0.0,0.0,0.0,0.0
0.0,0.0,0.0,0.0,0.0,0.005422993492407809,0.0,0.0,0.0
0.0010683760683760685,0.0,0.0,0.0,0.0,0.0,0.0,0.0,0.0
0.0,0.0,0.0,0.0,0.0,0.0070498915401301515,0.0,0.0,0.0
0.0,0.0,0.0,0.0,0.0,0.0,0.0,0.0,0.0012639029322548028
0.0,0.0,0.0,0.0,0.0,0.0070498915401301515,0.0,0.0,0.0
0.0,0.0,0.0,0.0,0.0,0.003796095444685466,0.0,0.0,0.0
0.0,0.0,0.0,0.0,0.0,0.0032537960954446853,0.0,0.0,0.0
0.0,0.0,0.0,0.0,0.0,0.006507592190889371,0.0,0.0,0.0
0.0,0.0,0.0,0.0,0.004956157072054899,0.0,0.0,0.0,0.0
0.0,0.0,0.0,0.0,0.002287457110179184,0.0,0.0,0.0,0.0
0.0,0.0,0.0,0.0,0.0,0.0027114967462039045,0.0,0.0,0.0
0.0,0.0,0.0,0.0,0.0,0.0,0.008532423208191127,0.0,0.0
0.0,0.0,0.0,0.0,0.0,0.008134490238611713,0.0,0.0,0.0
0.0,0.0,0.0008241758241758242,0.0,0.0,0.0,0.0,0.0,0.0
0.0008903133903133903,0.0,0.0,0.0,0.0,0.0,0.0,0.0,0.0
0.0,0.0049085229808121375,0.0,0.0,0.0,0.0,0.0,0.0,0.0
0.0017806267806267807,0.0,0.0,0.0,0.0,0.0,0.0,0.0,0.0
0.0,0.0,0.0,0.0,0.0,0.0,0.0,0.0,0.002275025278058645
0.0,0.0,0.0008241758241758242,0.0,0.0,0.0,0.0,0.0,0.0
0.0,0.0,0.0,0.0,0.0,0.0,0.0,0.0,0.0012639029322548028
0.0,0.0,0.0,0.0,0.003431185665268776,0.0,0.0,0.0,0.0
0.0,0.0,0.0,0.0013057103064066853,0.0,0.0,0.0,0.0,0.0
0.0,0.0,0.0,0.0,0.0,0.0,0.0,0.0,0.0015166835187057635
0.0,0.0,0.0,0.001392757660167131,0.0,0.0,0.0,0.0,0.0
0.0,0.0,0.0009615384615384616,0.0,0.0,0.0,0.0,0.0,0.0
0.0,0.0,0.0,0.0,0.0,0.0,0.001422070534698521,0.0,0.0
0.0,0.0,0.0,0.0,0.0,0.0,0.0,0.0,0.003538928210313448
0.001958689458689459,0.0,0.0,0.0,0.0,0.0,0.0,0.0,0.0
0.0,0.0,0.0,0.0015668523676880223,0.0,0.0,0.0,0.0,0.0
0.0,0.0049085229808121375,0.0,0.0,0.0,0.0,0.0,0.0,0.0
0.0014245014245014246,0.0,0.0,0.0,0.0,0.0,0.0,0.0,0.0
0.0,0.0,0.0,0.0,0.0,0.0,0.0,0.00435126582278481,0.0
0.0,0.004016064257028112,0.0,0.0,0.0,0.0,0.0,0.0,0.0
0.0,0.004016064257028112,0.0,0.0,0.0,0.0,0.0,0.0,0.0
0.0,0.0,0.0,0.0,0.0,0.0,0.0,0.001977848101265823,0.0
0.0,0.0,0.0,0.0,0.0,0.0,0.0,0.0031645569620253164,0.0
0.0,0.0,0.0,0.0,0.0,0.0,0.001422070534698521,0.0,0.0
0.0,0.0,0.0,0.0013057103064066853,0.0,0.0,0.0,0.0,0.0
0.0,0.0,0.001098901098901099,0.0,0.0,0.0,0.0,0.0,0.0
0.0,0.0,0.0006868131868131869,0.0,0.0,0.0,0.0,0.0,0.0
0.0,0.0,0.0,0.0,0.0,0.004880694143167028,0.0,0.0,0.0
0.0,0.0,0.0,0.0,0.0,0.0,0.0,0.0,0.0012639029322548028
0.0,0.0,0.0,0.0,0.0,0.0,0.0,0.0,0.001769464105156724
0.0,0.0,0.0,0.0,0.006099885627144491,0.0,0.0,0.0,0.0
0.0,0.0,0.0012362637362637362,0.0,0.0,0.0,0.0,0.0,0.0
0.0,0.0,0.0,0.0,0.0,0.0,0.0,0.0,0.0012639029322548028
0.0,0.0,0.0,0.0,0.0,0.0,0.0,0.003955696202531646,0.0
0.0,0.0,0.0,0.0,0.0,0.0,0.004266211604095563,0.0,0.0
0.0,0.0,0.0,0.0,0.0,0.0,0.006825938566552901,0.0,0.0
0.0,0.0,0.0,0.0,0.0,0.012472885032537961,0.0,0.0,0.0
0.0,0.0,0.0,0.0,0.0,0.0,0.0,0.001977848101265823,0.0
0.0,0.0,0.0012362637362637362,0.0,0.0,0.0,0.0,0.0,0.0
0.0,0.0,0.0,0.0,0.0,0.0,0.001422070534698521,0.0,0.0
0.0,0.0,0.0,0.0,0.0,0.0,0.0022753128555176336,0.0,0.0
0.0,0.0,0.0013736263736263737,0.0,0.0,0.0,0.0,0.0,0.0
0.0,0.0,0.0,0.0,0.0,0.0,0.0022753128555176336,0.0,0.0
0.0,0.0,0.0,0.0,0.0,0.0,0.002559726962457338,0.0,0.0
0.0,0.0,0.0,0.0,0.0,0.006507592190889371,0.0,0.0,0.0
0.0,0.0,0.0,0.0,0.0,0.0027114967462039045,0.0,0.0,0.0
0.0,0.0,0.0,0.0,0.0,0.009761388286334056,0.0,0.0,0.0
0.0,0.0,0.0,0.0,0.013724742661075104,0.0,0.0,0.0,0.0
0.0,0.0,0.0,0.0,0.0,0.0032537960954446853,0.0,0.0,0.0
0.0,0.0,0.001098901098901099,0.0,0.0,0.0,0.0,0.0,0.0
0.0,0.0,0.0,0.0006093314763231198,0.0,0.0,0.0,0.0,0.0
0.0,0.0,0.0008241758241758242,0.0,0.0,0.0,0.0,0.0,0.0
0.0,0.0,0.0,0.0,0.0,0.0,0.0,0.0,0.0012639029322548028
0.0,0.0,0.0,0.0,0.01181852840259245,0.0,0.0,0.0,0.0
0.0,0.0,0.0,0.0,0.002287457110179184,0.0,0.0,0.0,0.0
0.0,0.0,0.0,0.0007834261838440111,0.0,0.0,0.0,0.0,0.0
0.0,0.0,0.0,0.0,0.0,0.0,0.0,0.0,0.0012639029322548028
0.0,0.0,0.0008241758241758242,0.0,0.0,0.0,0.0,0.0,0.0
0.0,0.0,0.0,0.0,0.002287457110179184,0.0,0.0,0.0,0.0
0.0,0.0,0.0,0.0,0.003812428516965307,0.0,0.0,0.0,0.0
0.0,0.0,0.0,0.0,0.002668699961875715,0.0,0.0,0.0,0.0
0.0,0.0,0.0019230769230769232,0.0,0.0,0.0,0.0,0.0,0.0
0.0,0.0,0.0,0.0,0.0,0.009219088937093275,0.0,0.0,0.0
0.0,0.0,0.0,0.0,0.0,0.0,0.0,0.0,0.001769464105156724
0.0,0.0,0.0,0.0,0.0,0.0,0.0,0.0,0.0012639029322548028
0.0,0.0,0.0,0.0,0.0,0.0,0.002844141069397042,0.0,0.0
0.0,0.0,0.0,0.0,0.0,0.0,0.0,0.0,0.0012639029322548028
0.0023148148148148147,0.0,0.0,0.0,0.0,0.0,0.0,0.0,0.0
0.0,0.0,0.0,0.0,0.0,0.0,0.002844141069397042,0.0,0.0
0.0023148148148148147,0.0,0.0,0.0,0.0,0.0,0.0,0.0,0.0
0.0,0.0,0.0,0.0,0.0,0.0,0.0,0.0,0.004802831142568251
0.0,0.0,0.0,0.0,0.0,0.0,0.0,0.0,0.001769464105156724
0.0,0.0,0.0,0.0,0.0,0.0,0.002844141069397042,0.0,0.0
0.0,0.0,0.0,0.0,0.002668699961875715,0.0,0.0,0.0,0.0
0.0,0.006247211066488175,0.0,0.0,0.0,0.0,0.0,0.0,0.0
0.0,0.0,0.0,0.0,0.0,0.009219088937093275,0.0,0.0,0.0
0.0,0.0,0.0,0.0,0.0,0.010845986984815618,0.0,0.0,0.0
0.0,0.0,0.0,0.0,0.0,0.009761388286334056,0.0,0.0,0.0
0.0,0.0,0.0,0.0,0.0,0.0027114967462039045,0.0,0.0,0.0
0.0,0.0,0.0,0.0,0.0,0.0,0.0,0.0,0.008088978766430738
0.0,0.0,0.0017857142857142857,0.0,0.0,0.0,0.0,0.0,0.0
0.0,0.0,0.0,0.0,0.0030499428135722455,0.0,0.0,0.0,0.0
0.0,0.0,0.0,0.0,0.0019062142584826535,0.0,0.0,0.0,0.0
0.0,0.0,0.0,0.0,0.002287457110179184,0.0,0.0,0.0,0.0
0.0,0.0,0.0,0.0,0.002287457110179184,0.0,0.0,0.0,0.0
0.0,0.0,0.0,0.0,0.0019062142584826535,0.0,0.0,0.0,0.0
0.0,0.0,0.0,0.0013057103064066853,0.0,0.0,0.0,0.0,0.0
0.0,0.0,0.0,0.0,0.003812428516965307,0.0,0.0,0.0,0.0
0.0,0.0,0.0013736263736263737,0.0,0.0,0.0,0.0,0.0,0.0
0.0,0.0,0.0,0.0,0.0030499428135722455,0.0,0.0,0.0,0.0
0.0,0.0,0.0,0.0,0.0,0.0,0.0,0.0,0.002275025278058645
0.0,0.0,0.0009615384615384616,0.0,0.0,0.0,0.0,0.0,0.0
0.0,0.0,0.0,0.0,0.0,0.0,0.0,0.005142405063291139,0.0
0.0012464387464387464,0.0,0.0,0.0,0.0,0.0,0.0,0.0,0.0
0.0016025641025641025,0.0,0.0,0.0,0.0,0.0,0.0,0.0,0.0
0.0,0.0,0.0020604395604395605,0.0,0.0,0.0,0.0,0.0,0.0
0.002136752136752137,0.0,0.0,0.0,0.0,0.0,0.0,0.0,0.0
0.0008903133903133903,0.0,0.0,0.0,0.0,0.0,0.0,0.0,0.0
0.0,0.0,0.0,0.0,0.0,0.0,0.0031285551763367463,0.0,0.0
0.0,0.0,0.0,0.0,0.0,0.0,0.0,0.002768987341772152,0.0
0.0023148148148148147,0.0,0.0,0.0,0.0,0.0,0.0,0.0,0.0
0.0,0.0,0.0,0.0,0.0,0.0,0.0,0.003560126582278481,0.0
0.0010683760683760685,0.0,0.0,0.0,0.0,0.0,0.0,0.0,0.0
0.0,0.0,0.0,0.0,0.0019062142584826535,0.0,0.0,0.0,0.0
0.0,0.0,0.0,0.0,0.002668699961875715,0.0,0.0,0.0,0.0
0.0,0.0,0.0,0.0,0.0,0.005422993492407809,0.0,0.0,0.0
0.0,0.0,0.0,0.0,0.002287457110179184,0.0,0.0,0.0,0.0
0.0,0.0,0.0,0.0,0.0,0.0,0.002844141069397042,0.0,0.0
0.0,0.0,0.0,0.0,0.0,0.0,0.0,0.0,0.0015166835187057635
0.0,0.0,0.0,0.0,0.0019062142584826535,0.0,0.0,0.0,0.0
0.0,0.0,0.0,0.0,0.0,0.0,0.0,0.0,0.0032861476238624874
0.0,0.0,0.0,0.0,0.0,0.0,0.0,0.0,0.003538928210313448
0.0,0.0,0.0,0.0,0.0,0.0,0.0,0.0,0.005813953488372093
0.0,0.0,0.0,0.0,0.002287457110179184,0.0,0.0,0.0,0.0
0.0,0.0,0.0,0.0,0.0,0.0,0.0,0.0,0.0015166835187057635
0.0017806267806267807,0.0,0.0,0.0,0.0,0.0,0.0,0.0,0.0
0.0,0.0,0.0,0.0,0.0,0.0032537960954446853,0.0,0.0,0.0
0.0,0.0,0.0,0.0,0.0,0.0,0.0,0.0,0.0025278058645096056
0.0,0.0,0.0,0.0,0.0,0.0,0.0,0.0,0.001769464105156724
0.0,0.0,0.0,0.0,0.0,0.0,0.0,0.0,0.0012639029322548028
0.0,0.0,0.0,0.0,0.0019062142584826535,0.0,0.0,0.0,0.0
0.0,0.0,0.0,0.0,0.0,0.005422993492407809,0.0,0.0,0.0
0.0,0.0,0.0,0.0,0.003812428516965307,0.0,0.0,0.0,0.0
0.0,0.0,0.0,0.0,0.002287457110179184,0.0,0.0,0.0,0.0
0.0,0.0,0.0,0.0,0.0,0.0,0.0,0.0,0.004044489383215369
0.00551994301994302,0.0,0.0,0.0,0.0,0.0,0.0,0.0,0.0
0.0,0.0,0.0,0.0,0.0,0.0,0.0,0.0,0.003033367037411527
0.0,0.0,0.0,0.0,0.008387342737323675,0.0,0.0,0.0,0.0
0.0,0.0,0.0,0.0,0.0057186427754479605,0.0,0.0,0.0,0.0
0.0,0.0,0.0,0.0,0.0,0.0,0.0,0.0,0.0012639029322548028
0.0,0.0,0.0,0.0,0.0,0.0,0.0,0.0,0.0015166835187057635
0.0,0.0,0.0,0.0,0.0019062142584826535,0.0,0.0,0.0,0.0
0.0,0.0,0.0,0.0,0.0,0.0,0.0,0.005142405063291139,0.0
0.0,0.0022311468094600626,0.0,0.0,0.0,0.0,0.0,0.0,0.0
0.0,0.0,0.0012362637362637362,0.0,0.0,0.0,0.0,0.0,0.0
0.0,0.0,0.001098901098901099,0.0,0.0,0.0,0.0,0.0,0.0
0.0,0.0,0.0,0.0,0.0,0.0,0.0034129692832764505,0.0,0.0
0.0,0.0,0.0019230769230769232,0.0,0.0,0.0,0.0,0.0,0.0
0.0,0.0,0.002197802197802198,0.0,0.0,0.0,0.0,0.0,0.0
0.0023148148148148147,0.0,0.0,0.0,0.0,0.0,0.0,0.0,0.0
0.0,0.0,0.0,0.0,0.004956157072054899,0.0,0.0,0.0,0.0
0.0,0.0,0.0,0.0,0.002287457110179184,0.0,0.0,0.0,0.0
0.0,0.0,0.0,0.0,0.006481128478841022,0.0,0.0,0.0,0.0
0.0,0.0,0.0,0.0,0.0019062142584826535,0.0,0.0,0.0,0.0
0.0,0.0,0.0,0.0,0.0,0.0,0.0,0.0,0.001769464105156724
0.0,0.0,0.0,0.0,0.0,0.0,0.0,0.0,0.001769464105156724
0.0,0.0,0.0009615384615384616,0.0,0.0,0.0,0.0,0.0,0.0
0.0,0.0,0.0,0.0,0.0,0.0,0.0022753128555176336,0.0,0.0
0.0,0.0,0.0,0.0,0.0,0.0,0.0,0.005933544303797469,0.0
0.0,0.0,0.0,0.0,0.002287457110179184,0.0,0.0,0.0,0.0
0.0,0.0,0.0,0.0,0.0,0.0,0.0,0.001977848101265823,0.0
0.0,0.0,0.0013736263736263737,0.0,0.0,0.0,0.0,0.0,0.0
0.0,0.0,0.0,0.0,0.0,0.0,0.003697383390216155,0.0,0.0
0.0,0.0,0.0,0.0,0.0,0.0,0.0,0.00435126582278481,0.0
0.0,0.0,0.0,0.0,0.0,0.0,0.0,0.004746835443037975,0.0
0.0,0.0,0.0013736263736263737,0.0,0.0,0.0,0.0,0.0,0.0
0.003027065527065527,0.0,0.0,0.0,0.0,0.0,0.0,0.0,0.0
0.0,0.0,0.0006868131868131869,0.0,0.0,0.0,0.0,0.0,0.0
0.0,0.0,0.0008241758241758242,0.0,0.0,0.0,0.0,0.0,0.0
0.0,0.0,0.0,0.0,0.0,0.0,0.0,0.0,0.003033367037411527
0.0,0.0,0.0,0.0,0.0,0.0,0.0031285551763367463,0.0,0.0
0.0,0.0,0.0009615384615384616,0.0,0.0,0.0,0.0,0.0,0.0
0.0,0.0,0.0020604395604395605,0.0,0.0,0.0,0.0,0.0,0.0
0.0,0.0,0.0012362637362637362,0.0,0.0,0.0,0.0,0.0,0.0
0.0,0.0,0.0,0.0,0.0,0.0,0.021899886234357225,0.0,0.0
0.0,0.0,0.0,0.0,0.0,0.0,0.0022753128555176336,0.0,0.0
0.0,0.0,0.0,0.0,0.0,0.0,0.0034129692832764505,0.0,0.0
0.002849002849002849,0.0,0.0,0.0,0.0,0.0,0.0,0.0,0.0
0.0010683760683760685,0.0,0.0,0.0,0.0,0.0,0.0,0.0,0.0
0.0,0.0,0.0,0.0,0.0,0.00596529284164859,0.0,0.0,0.0
0.0,0.0,0.0,0.0,0.0,0.004880694143167028,0.0,0.0,0.0
0.0,0.0071396697902722,0.0,0.0,0.0,0.0,0.0,0.0,0.0
0.0,0.0022311468094600626,0.0,0.0,0.0,0.0,0.0,0.0,0.0
0.0,0.004016064257028112,0.0,0.0,0.0,0.0,0.0,0.0,0.0
0.0,0.0022311468094600626,0.0,0.0,0.0,0.0,0.0,0.0,0.0
0.0,0.004462293618920125,0.0,0.0,0.0,0.0,0.0,0.0,0.0
0.0,0.002677376171352075,0.0,0.0,0.0,0.0,0.0,0.0,0.0
0.0012464387464387464,0.0,0.0,0.0,0.0,0.0,0.0,0.0,0.0
0.0,0.0,0.001098901098901099,0.0,0.0,0.0,0.0,0.0,0.0
0.0,0.0,0.0,0.0,0.0,0.0,0.0,0.0,0.001769464105156724
0.0,0.0,0.0,0.0,0.0,0.0,0.0,0.0,0.0037917087967644083
0.0,0.0,0.0008241758241758242,0.0,0.0,0.0,0.0,0.0,0.0
0.0,0.0,0.0,0.0,0.0,0.008134490238611713,0.0,0.0,0.0
0.0,0.0,0.0,0.0,0.0,0.0,0.0031285551763367463,0.0,0.0
0.0,0.0,0.0,0.0,0.002668699961875715,0.0,0.0,0.0,0.0
0.0,0.0,0.0,0.0,0.0,0.0,0.005688282138794084,0.0,0.0
0.0,0.0,0.0,0.0,0.0,0.0,0.0031285551763367463,0.0,0.0
0.0,0.0,0.0,0.0,0.006481128478841022,0.0,0.0,0.0,0.0
0.0,0.0,0.0,0.0,0.003812428516965307,0.0,0.0,0.0,0.0
0.0,0.0,0.0,0.0,0.0019062142584826535,0.0,0.0,0.0,0.0
0.0,0.0,0.0,0.0,0.003431185665268776,0.0,0.0,0.0,0.0
0.0,0.0,0.0,0.0,0.0030499428135722455,0.0,0.0,0.0,0.0
0.0,0.0,0.0,0.0,0.007624857033930614,0.0,0.0,0.0,0.0
0.0,0.0,0.0,0.0,0.002287457110179184,0.0,0.0,0.0,0.0
0.0,0.0,0.0,0.0,0.0030499428135722455,0.0,0.0,0.0,0.0
0.0,0.0,0.0,0.0,0.0,0.0027114967462039045,0.0,0.0,0.0
0.0,0.0,0.0,0.0,0.0,0.0,0.0031285551763367463,0.0,0.0
0.0,0.0,0.0,0.0,0.0,0.003796095444685466,0.0,0.0,0.0
0.0,0.0,0.0,0.0,0.0,0.007592190889370932,0.0,0.0,0.0
0.0,0.0,0.0,0.0,0.0,0.0,0.0,0.011471518987341773,0.0
0.0,0.0,0.0,0.0,0.0,0.0,0.0,0.00870253164556962,0.0
0.0,0.0,0.0,0.0,0.0,0.0027114967462039045,0.0,0.0,0.0
0.0,0.0,0.0,0.0,0.0,0.009219088937093275,0.0,0.0,0.0
0.0,0.0,0.002335164835164835,0.0,0.0,0.0,0.0,0.0,0.0
0.0,0.0,0.0,0.0,0.0,0.0027114967462039045,0.0,0.0,0.0
0.0,0.0,0.0,0.0,0.0,0.0032537960954446853,0.0,0.0,0.0
0.0,0.0,0.0,0.0,0.0,0.005422993492407809,0.0,0.0,0.0
0.0,0.0,0.0,0.0,0.0,0.0,0.0,0.0,0.0037917087967644083
0.0,0.0,0.0,0.0014798050139275766,0.0,0.0,0.0,0.0,0.0
0.0,0.0,0.0,0.0,0.0,0.0,0.004266211604095563,0.0,0.0
0.0,0.0035698348951361,0.0,0.0,0.0,0.0,0.0,0.0,0.0
0.0,0.0022311468094600626,0.0,0.0,0.0,0.0,0.0,0.0,0.0
0.0,0.0031236055332440876,0.0,0.0,0.0,0.0,0.0,0.0,0.0
0.0,0.0,0.0,0.0,0.0,0.0027114967462039045,0.0,0.0,0.0
0.0,0.0,0.0,0.0,0.0,0.0,0.0,0.0,0.002780586450960566
0.0,0.0,0.0,0.0,0.0,0.0,0.007679180887372013,0.0,0.0
0.0010683760683760685,0.0,0.0,0.0,0.0,0.0,0.0,0.0,0.0
0.0,0.0,0.0,0.0,0.0,0.0,0.0,0.0,0.0012639029322548028
0.0,0.0,0.0,0.0,0.0,0.0027114967462039045,0.0,0.0,0.0
0.0,0.0,0.0,0.0,0.0,0.0,0.0,0.0,0.0015166835187057635
0.0,0.0,0.0,0.0,0.0,0.0,0.0,0.0,0.001769464105156724
0.0,0.0,0.0,0.0,0.0,0.0,0.0,0.0,0.002275025278058645
0.0023148148148148147,0.0,0.0,0.0,0.0,0.0,0.0,0.0,0.0
0.0,0.0,0.0,0.0,0.002287457110179184,0.0,0.0,0.0,0.0
0.0,0.0,0.0,0.0,0.0,0.003796095444685466,0.0,0.0,0.0
0.0,0.0,0.0,0.0,0.0,0.0,0.0,0.0,0.0012639029322548028
0.0,0.0,0.0,0.0,0.0,0.0,0.0,0.0,0.006066734074823054
0.0,0.0,0.0012362637362637362,0.0,0.0,0.0,0.0,0.0,0.0
0.0,0.0,0.0,0.0,0.0,0.0,0.003981797497155859,0.0,0.0
0.0,0.0,0.0009615384615384616,0.0,0.0,0.0,0.0,0.0,0.0
0.0,0.0,0.0009615384615384616,0.0,0.0,0.0,0.0,0.0,0.0
0.0,0.0,0.0,0.0,0.0,0.0,0.004835039817974972,0.0,0.0
0.0023148148148148147,0.0,0.0,0.0,0.0,0.0,0.0,0.0,0.0
0.0,0.0,0.0,0.0,0.0,0.0,0.003697383390216155,0.0,0.0
0.0,0.0,0.0,0.0006093314763231198,0.0,0.0,0.0,0.0,0.0
0.0,0.0,0.0,0.0,0.0,0.0,0.0,0.0,0.003538928210313448
0.0,0.0,0.0,0.0,0.0,0.0,0.0,0.0,0.0015166835187057635
0.0,0.0,0.0,0.0,0.0,0.0,0.0,0.0,0.0015166835187057635
0.0,0.0,0.0,0.0,0.0,0.0,0.0,0.0,0.002275025278058645
0.0,0.0,0.0,0.0,0.0,0.0,0.0,0.0,0.002275025278058645
0.0,0.0,0.0,0.0,0.0,0.0,0.0022753128555176336,0.0,0.0
0.0008903133903133903,0.0,0.0,0.0,0.0,0.0,0.0,0.0,0.0
0.0,0.0,0.0,0.0,0.0,0.0,0.002844141069397042,0.0,0.0
0.0,0.0,0.0,0.0010445682451253482,0.0,0.0,0.0,0.0,0.0
0.0,0.0,0.0008241758241758242,0.0,0.0,0.0,0.0,0.0,0.0
0.0,0.0,0.0,0.0,0.0,0.0032537960954446853,0.0,0.0,0.0
0.0,0.0,0.0,0.0,0.0,0.0,0.0,0.0,0.0012639029322548028
0.0,0.0,0.0,0.0,0.002287457110179184,0.0,0.0,0.0,0.0
0.0,0.0,0.0,0.0,0.0,0.0,0.0,0.0,0.002780586450960566
0.0,0.0,0.002335164835164835,0.0,0.0,0.0,0.0,0.0,0.0
0.0,0.002677376171352075,0.0,0.0,0.0,0.0,0.0,0.0,0.0
0.0,0.0,0.0,0.0,0.0,0.0,0.0,0.0,0.002275025278058645
0.0,0.004462293618920125,0.0,0.0,0.0,0.0,0.0,0.0,0.0
0.0,0.004016064257028112,0.0,0.0,0.0,0.0,0.0,0.0,0.0
0.0,0.0,0.001098901098901099,0.0,0.0,0.0,0.0,0.0,0.0
0.0,0.0,0.0009615384615384616,0.0,0.0,0.0,0.0,0.0,0.0
0.0,0.0,0.0,0.001653899721448468,0.0,0.0,0.0,0.0,0.0
0.0,0.0,0.0,0.0,0.0,0.0,0.002844141069397042,0.0,0.0
0.0,0.0,0.002197802197802198,0.0,0.0,0.0,0.0,0.0,0.0
0.0,0.0,0.0,0.0,0.0,0.0027114967462039045,0.0,0.0,0.0
0.0012464387464387464,0.0,0.0,0.0,0.0,0.0,0.0,0.0,0.0
0.0,0.004016064257028112,0.0,0.0,0.0,0.0,0.0,0.0,0.0
0.0014245014245014246,0.0,0.0,0.0,0.0,0.0,0.0,0.0,0.0
0.0,0.0,0.0,0.0,0.0,0.0,0.0,0.003560126582278481,0.0
0.0008903133903133903,0.0,0.0,0.0,0.0,0.0,0.0,0.0,0.0
0.0,0.0,0.0,0.0,0.002287457110179184,0.0,0.0,0.0,0.0
0.0,0.0,0.0,0.0,0.0,0.0,0.0,0.0,0.0012639029322548028
0.0,0.0,0.0,0.0,0.0,0.003796095444685466,0.0,0.0,0.0
0.0,0.0,0.0,0.0,0.0,0.003796095444685466,0.0,0.0,0.0
0.004451566951566952,0.0,0.0,0.0,0.0,0.0,0.0,0.0,0.0
0.0,0.0,0.0,0.001131615598885794,0.0,0.0,0.0,0.0,0.0
0.0,0.0,0.0,0.0,0.0,0.0,0.001422070534698521,0.0,0.0
0.0,0.0,0.0,0.0,0.002287457110179184,0.0,0.0,0.0,0.0
0.0,0.0,0.0,0.0,0.0,0.008134490238611713,0.0,0.0,0.0
0.0,0.0,0.0,0.0,0.003431185665268776,0.0,0.0,0.0,0.0
0.0,0.0,0.001098901098901099,0.0,0.0,0.0,0.0,0.0,0.0
0.0,0.0,0.0,0.0,0.0,0.0,0.001422070534698521,0.0,0.0
0.0,0.0,0.0,0.0008704735376044568,0.0,0.0,0.0,0.0,0.0
0.0,0.0,0.0,0.0,0.0,0.0,0.0,0.0,0.00455005055611729
0.0,0.0,0.0,0.0,0.0,0.0,0.0,0.0,0.0020222446916076846
0.0,0.0,0.0,0.0,0.0,0.0,0.0,0.0,0.003033367037411527
0.0,0.0,0.0,0.0,0.002287457110179184,0.0,0.0,0.0,0.0
0.0,0.0,0.0,0.0,0.0,0.0,0.0,0.004746835443037975,0.0
0.0008903133903133903,0.0,0.0,0.0,0.0,0.0,0.0,0.0,0.0
0.0008903133903133903,0.0,0.0,0.0,0.0,0.0,0.0,0.0,0.0
0.0012464387464387464,0.0,0.0,0.0,0.0,0.0,0.0,0.0,0.0
0.0,0.0,0.0,0.0,0.0,0.0,0.003981797497155859,0.0,0.0
0.0,0.0,0.0,0.0,0.0,0.0,0.001422070534698521,0.0,0.0
0.0,0.0,0.0,0.0,0.0,0.0,0.002844141069397042,0.0,0.0
0.0,0.0,0.003021978021978022,0.0,0.0,0.0,0.0,0.0,0.0
0.0,0.0,0.0,0.0,0.0,0.0,0.0,0.0,0.0020222446916076846
0.0,0.0,0.0008241758241758242,0.0,0.0,0.0,0.0,0.0,0.0
0.0,0.0,0.0,0.0,0.0,0.0,0.002559726962457338,0.0,0.0
0.0010683760683760685,0.0,0.0,0.0,0.0,0.0,0.0,0.0,0.0
0.0,0.0,0.0,0.0,0.0,0.0,0.001422070534698521,0.0,0.0
0.0,0.0,0.0009615384615384616,0.0,0.0,0.0,0.0,0.0,0.0
0.0008903133903133903,0.0,0.0,0.0,0.0,0.0,0.0,0.0,0.0
0.0010683760683760685,0.0,0.0,0.0,0.0,0.0,0.0,0.0,0.0
0.0,0.0,0.0,0.0,0.0,0.0,0.003697383390216155,0.0,0.0
0.0,0.0,0.0,0.0,0.0,0.0,0.001422070534698521,0.0,0.0
0.0,0.0,0.0,0.0,0.002668699961875715,0.0,0.0,0.0,0.0
0.0,0.0,0.0013736263736263737,0.0,0.0,0.0,0.0,0.0,0.0
0.0,0.0,0.0,0.001392757660167131,0.0,0.0,0.0,0.0,0.0
0.0,0.0,0.0,0.0,0.0,0.0,0.004266211604095563,0.0,0.0
0.0,0.0,0.0,0.0,0.0,0.003796095444685466,0.0,0.0,0.0
0.0,0.0,0.0,0.0,0.0030499428135722455,0.0,0.0,0.0,0.0
0.0014245014245014246,0.0,0.0,0.0,0.0,0.0,0.0,0.0,0.0
0.0,0.0,0.0,0.0,0.0,0.0,0.0019908987485779293,0.0,0.0
0.0,0.0,0.0008241758241758242,0.0,0.0,0.0,0.0,0.0,0.0
0.0012464387464387464,0.0,0.0,0.0,0.0,0.0,0.0,0.0,0.0
0.0,0.0,0.0,0.0,0.0019062142584826535,0.0,0.0,0.0,0.0
0.0,0.0,0.0,0.0,0.0,0.00596529284164859,0.0,0.0,0.0
0.0,0.0,0.0009615384615384616,0.0,0.0,0.0,0.0,0.0,0.0
0.0,0.0,0.0009615384615384616,0.0,0.0,0.0,0.0,0.0,0.0
0.0010683760683760685,0.0,0.0,0.0,0.0,0.0,0.0,0.0,0.0
0.0008903133903133903,0.0,0.0,0.0,0.0,0.0,0.0,0.0,0.0
0.0,0.0,0.001098901098901099,0.0,0.0,0.0,0.0,0.0,0.0
0.0,0.0,0.0,0.0,0.0,0.0,0.0,0.0,0.0012639029322548028
0.0,0.0,0.0,0.001653899721448468,0.0,0.0,0.0,0.0,0.0
0.0,0.0,0.0,0.0,0.0,0.0,0.0,0.0,0.0032861476238624874
0.0,0.0,0.0,0.0007834261838440111,0.0,0.0,0.0,0.0,0.0
0.0,0.0,0.0,0.0,0.0,0.0,0.0,0.0,0.0025278058645096056
0.0,0.0,0.0,0.0,0.0030499428135722455,0.0,0.0,0.0,0.0
0.0,0.0,0.0006868131868131869,0.0,0.0,0.0,0.0,0.0,0.0
0.0,0.0,0.0,0.0,0.0,0.0,0.0,0.0,0.0020222446916076846
0.0,0.0,0.001510989010989011,0.0,0.0,0.0,0.0,0.0,0.0
0.0,0.0,0.0,0.0,0.0,0.0,0.005119453924914676,0.0,0.0
0.0,0.0,0.0008241758241758242,0.0,0.0,0.0,0.0,0.0,0.0
0.0,0.0,0.0012362637362637362,0.0,0.0,0.0,0.0,0.0,0.0
0.0,0.0,0.0,0.0,0.0,0.0,0.002559726962457338,0.0,0.0
0.0,0.0,0.0,0.0,0.0,0.0,0.0,0.004746835443037975,0.0
0.0,0.0,0.0,0.0,0.0,0.0,0.0,0.0,0.0012639029322548028
0.0,0.0,0.0,0.0,0.0,0.0,0.0,0.0023734177215189874,0.0
0.0,0.0,0.0,0.0,0.0,0.0,0.0,0.001977848101265823,0.0
0.0,0.0,0.0,0.0,0.0,0.0,0.0,0.0,0.002780586450960566
0.0,0.0,0.0,0.0,0.0,0.0,0.001422070534698521,0.0,0.0
0.0008903133903133903,0.0,0.0,0.0,0.0,0.0,0.0,0.0,0.0
0.0,0.0,0.0,0.0,0.0019062142584826535,0.0,0.0,0.0,0.0
0.0,0.0,0.0,0.0,0.0,0.0,0.001422070534698521,0.0,0.0
0.0,0.0,0.0,0.0,0.0,0.003796095444685466,0.0,0.0,0.0
0.0,0.0,0.0006868131868131869,0.0,0.0,0.0,0.0,0.0,0.0
0.0,0.0,0.0,0.0,0.002668699961875715,0.0,0.0,0.0,0.0
0.0,0.0,0.0,0.0,0.0,0.0070498915401301515,0.0,0.0,0.0
0.0,0.0,0.0,0.0,0.002287457110179184,0.0,0.0,0.0,0.0
0.0,0.0,0.0,0.0013057103064066853,0.0,0.0,0.0,0.0,0.0
0.0,0.0,0.0,0.0,0.0,0.0,0.0,0.0,0.001769464105156724
0.0,0.0,0.0,0.0014798050139275766,0.0,0.0,0.0,0.0,0.0
0.0,0.0,0.0,0.0,0.0,0.0,0.0,0.005933544303797469,0.0
0.0016025641025641025,0.0,0.0,0.0,0.0,0.0,0.0,0.0,0.0
0.0014245014245014246,0.0,0.0,0.0,0.0,0.0,0.0,0.0,0.0
0.0,0.0,0.0009615384615384616,0.0,0.0,0.0,0.0,0.0,0.0
0.0,0.0,0.0,0.0,0.0,0.0,0.0,0.0,0.0015166835187057635
0.0023148148148148147,0.0,0.0,0.0,0.0,0.0,0.0,0.0,0.0
0.0,0.0,0.0,0.0,0.0,0.0,0.0,0.0,0.0037917087967644083
0.0,0.0,0.0,0.0,0.0,0.0,0.002559726962457338,0.0,0.0
0.0,0.0,0.0,0.0,0.0,0.0,0.0,0.0,0.001769464105156724
0.0,0.0,0.0,0.0,0.0,0.0,0.0,0.0,0.0012639029322548028
0.0,0.0,0.0,0.0,0.0,0.0,0.001422070534698521,0.0,0.0
0.0,0.0,0.0,0.0007834261838440111,0.0,0.0,0.0,0.0,0.0
0.0014245014245014246,0.0,0.0,0.0,0.0,0.0,0.0,0.0,0.0
0.0,0.0,0.0,0.0,0.0,0.0,0.0,0.001977848101265823,0.0
0.0008903133903133903,0.0,0.0,0.0,0.0,0.0,0.0,0.0,0.0
0.0,0.0,0.0,0.0,0.0,0.0,0.0031285551763367463,0.0,0.0
0.0,0.0,0.0,0.0,0.006099885627144491,0.0,0.0,0.0,0.0
0.0010683760683760685,0.0,0.0,0.0,0.0,0.0,0.0,0.0,0.0
0.0,0.0,0.0,0.0,0.0,0.0,0.001422070534698521,0.0,0.0
0.0,0.0,0.0,0.0,0.0,0.0,0.0,0.0,0.0012639029322548028
0.0017806267806267807,0.0,0.0,0.0,0.0,0.0,0.0,0.0,0.0
0.0,0.0,0.0,0.0010445682451253482,0.0,0.0,0.0,0.0,0.0
0.0,0.0,0.0012362637362637362,0.0,0.0,0.0,0.0,0.0,0.0
0.0,0.0,0.0008241758241758242,0.0,0.0,0.0,0.0,0.0,0.0
0.0010683760683760685,0.0,0.0,0.0,0.0,0.0,0.0,0.0,0.0
0.0,0.0,0.0,0.0,0.0,0.0,0.0,0.0,0.003538928210313448
0.0,0.0,0.0,0.0,0.0,0.0,0.0,0.0,0.001769464105156724
0.0,0.0,0.0,0.0,0.0,0.003796095444685466,0.0,0.0,0.0
0.0,0.0,0.001098901098901099,0.0,0.0,0.0,0.0,0.0,0.0
0.0,0.0,0.0,0.0,0.0,0.0027114967462039045,0.0,0.0,0.0
0.0014245014245014246,0.0,0.0,0.0,0.0,0.0,0.0,0.0,0.0
0.0,0.0,0.0,0.0,0.0,0.0,0.0,0.0,0.00455005055611729
0.0010683760683760685,0.0,0.0,0.0,0.0,0.0,0.0,0.0,0.0
0.0,0.0,0.0,0.0,0.0,0.0,0.002559726962457338,0.0,0.0
0.0,0.0,0.0,0.0,0.002287457110179184,0.0,0.0,0.0,0.0
0.0,0.0,0.0006868131868131869,0.0,0.0,0.0,0.0,0.0,0.0
0.0,0.0,0.0,0.0,0.0,0.0,0.0,0.0,0.001769464105156724
0.0,0.0,0.0,0.0,0.0019062142584826535,0.0,0.0,0.0,0.0
0.0,0.004016064257028112,0.0,0.0,0.0,0.0,0.0,0.0,0.0
0.0,0.0,0.0,0.0,0.0,0.0,0.0,0.0023734177215189874,0.0
0.0,0.0,0.0,0.0,0.0,0.0,0.0,0.0,0.0012639029322548028
0.0,0.0,0.0,0.0,0.0,0.0,0.0,0.0,0.0012639029322548028
0.0,0.0,0.0009615384615384616,0.0,0.0,0.0,0.0,0.0,0.0
0.0,0.0,0.0,0.0,0.0,0.0,0.001422070534698521,0.0,0.0
0.0,0.0,0.0,0.0,0.0,0.0,0.0,0.0,0.001769464105156724
0.0,0.0,0.0,0.0,0.0,0.0,0.001422070534698521,0.0,0.0
0.0,0.0,0.0,0.0,0.0,0.0,0.001422070534698521,0.0,0.0
0.0008903133903133903,0.0,0.0,0.0,0.0,0.0,0.0,0.0,0.0
0.0,0.0,0.0,0.0,0.0,0.0,0.0031285551763367463,0.0,0.0
0.0,0.0,0.0,0.0,0.0,0.0,0.001422070534698521,0.0,0.0
0.0,0.009370816599732263,0.0,0.0,0.0,0.0,0.0,0.0,0.0
0.0,0.0049085229808121375,0.0,0.0,0.0,0.0,0.0,0.0,0.0
0.0,0.0,0.0009615384615384616,0.0,0.0,0.0,0.0,0.0,0.0
0.0008903133903133903,0.0,0.0,0.0,0.0,0.0,0.0,0.0,0.0
0.0,0.0022311468094600626,0.0,0.0,0.0,0.0,0.0,0.0,0.0
0.0,0.0,0.0,0.0,0.0,0.0,0.0,0.0,0.0015166835187057635
0.0,0.0,0.0,0.0,0.002287457110179184,0.0,0.0,0.0,0.0
0.0012464387464387464,0.0,0.0,0.0,0.0,0.0,0.0,0.0,0.0
0.0,0.0,0.0,0.0,0.0,0.0,0.0,0.0,0.0015166835187057635
0.0,0.0,0.0,0.0,0.0,0.0,0.0,0.0,0.0015166835187057635
0.0,0.0,0.0,0.0,0.0,0.0,0.0,0.0,0.0015166835187057635
0.0,0.0,0.001098901098901099,0.0,0.0,0.0,0.0,0.0,0.0
0.0,0.0,0.0,0.0,0.0,0.0,0.0,0.0,0.002275025278058645
0.0,0.0,0.0,0.0,0.0,0.004338394793926247,0.0,0.0,0.0
0.0,0.0,0.0,0.0,0.0,0.0,0.0,0.0,0.0015166835187057635
0.0,0.0,0.0,0.0,0.0,0.0,0.0,0.0,0.0012639029322548028
0.0,0.0,0.0,0.0,0.0,0.0,0.0,0.0,0.001769464105156724
0.0012464387464387464,0.0,0.0,0.0,0.0,0.0,0.0,0.0,0.0
0.0,0.0,0.0,0.0,0.002287457110179184,0.0,0.0,0.0,0.0
0.0,0.0,0.0,0.0,0.0,0.004338394793926247,0.0,0.0,0.0
0.0,0.004016064257028112,0.0,0.0,0.0,0.0,0.0,0.0,0.0
0.0,0.002677376171352075,0.0,0.0,0.0,0.0,0.0,0.0,0.0
0.0,0.0,0.0,0.0,0.0,0.0,0.0,0.0023734177215189874,0.0
0.0,0.0,0.0,0.0,0.0,0.0,0.0,0.001977848101265823,0.0
0.0,0.0,0.0,0.0,0.0,0.00596529284164859,0.0,0.0,0.0
0.0,0.0,0.0,0.0,0.002287457110179184,0.0,0.0,0.0,0.0
0.0,0.002677376171352075,0.0,0.0,0.0,0.0,0.0,0.0,0.0
0.0,0.0,0.0,0.0,0.0041936713686618375,0.0,0.0,0.0,0.0
0.0,0.0,0.0,0.0,0.0,0.0,0.0,0.006724683544303798,0.0
0.0,0.0,0.0,0.0,0.003431185665268776,0.0,0.0,0.0,0.0
0.0,0.0,0.0006868131868131869,0.0,0.0,0.0,0.0,0.0,0.0
0.0,0.0,0.0,0.0,0.002668699961875715,0.0,0.0,0.0,0.0
0.0,0.0,0.0,0.0,0.0,0.0,0.0,0.0,0.0012639029322548028
0.0,0.0,0.0,0.0,0.0,0.0,0.001422070534698521,0.0,0.0
0.0,0.0,0.0,0.0,0.0,0.0,0.001422070534698521,0.0,0.0
0.0,0.0,0.0,0.0,0.0,0.0,0.001422070534698521,0.0,0.0
0.0,0.0,0.0,0.0005222841225626741,0.0,0.0,0.0,0.0,0.0
0.0,0.0,0.0008241758241758242,0.0,0.0,0.0,0.0,0.0,0.0
0.0008903133903133903,0.0,0.0,0.0,0.0,0.0,0.0,0.0,0.0
0.0,0.0,0.0,0.0,0.0,0.0,0.0,0.0,0.001769464105156724
0.0,0.0,0.0,0.0,0.0,0.0,0.0,0.0,0.002780586450960566
0.0,0.0,0.0,0.0,0.0,0.0,0.0,0.0,0.001769464105156724
0.0,0.0,0.0,0.0,0.0,0.0,0.002559726962457338,0.0,0.0
0.0,0.0022311468094600626,0.0,0.0,0.0,0.0,0.0,0.0,0.0
0.0,0.0,0.0,0.0,0.0,0.0,0.0,0.003560126582278481,0.0
0.0,0.0,0.0,0.0,0.0,0.0,0.0,0.001977848101265823,0.0
0.0,0.0,0.0,0.0,0.0,0.0,0.0,0.004746835443037975,0.0
0.0,0.0,0.0,0.0,0.0019062142584826535,0.0,0.0,0.0,0.0
0.0,0.0,0.0,0.0,0.002287457110179184,0.0,0.0,0.0,0.0
0.0,0.0,0.0,0.0,0.0,0.0,0.0,0.0,0.0015166835187057635
0.0,0.0,0.0,0.0,0.0,0.0,0.001422070534698521,0.0,0.0
0.0,0.0,0.0,0.0,0.0,0.0,0.0,0.0,0.0020222446916076846
0.0008903133903133903,0.0,0.0,0.0,0.0,0.0,0.0,0.0,0.0
0.0012464387464387464,0.0,0.0,0.0,0.0,0.0,0.0,0.0,0.0
0.0,0.0,0.0,0.0,0.0,0.0,0.0,0.005142405063291139,0.0
0.002492877492877493,0.0,0.0,0.0,0.0,0.0,0.0,0.0,0.0
0.0,0.0,0.0008241758241758242,0.0,0.0,0.0,0.0,0.0,0.0
0.0023148148148148147,0.0,0.0,0.0,0.0,0.0,0.0,0.0,0.0
0.0,0.0,0.0,0.0,0.0,0.0,0.0,0.0,0.0015166835187057635
0.0,0.0,0.0,0.0,0.0041936713686618375,0.0,0.0,0.0,0.0
0.0,0.0,0.0,0.0,0.0,0.0,0.0022753128555176336,0.0,0.0
0.0,0.0,0.0,0.0,0.0,0.0,0.0,0.0,0.0012639029322548028
0.0,0.0,0.0005494505494505495,0.0,0.0,0.0,0.0,0.0,0.0
0.0,0.002677376171352075,0.0,0.0,0.0,0.0,0.0,0.0,0.0
0.0008903133903133903,0.0,0.0,0.0,0.0,0.0,0.0,0.0,0.0
0.0012464387464387464,0.0,0.0,0.0,0.0,0.0,0.0,0.0,0.0
0.0,0.0,0.0,0.0010445682451253482,0.0,0.0,0.0,0.0,0.0
0.0,0.0,0.0,0.0,0.0,0.0,0.0,0.0,0.0012639029322548028
0.0,0.0,0.0,0.0,0.0,0.0,0.0,0.0,0.001769464105156724
0.0,0.0,0.0,0.0,0.003812428516965307,0.0,0.0,0.0,0.0
0.0,0.0,0.0006868131868131869,0.0,0.0,0.0,0.0,0.0,0.0
0.0,0.0,0.0,0.0,0.0,0.004880694143167028,0.0,0.0,0.0
0.0,0.0,0.0009615384615384616,0.0,0.0,0.0,0.0,0.0,0.0
0.0,0.0,0.0,0.0,0.002287457110179184,0.0,0.0,0.0,0.0
0.0,0.002677376171352075,0.0,0.0,0.0,0.0,0.0,0.0,0.0
0.0,0.0,0.0,0.0,0.0,0.008676789587852495,0.0,0.0,0.0
0.0,0.0,0.0028846153846153848,0.0,0.0,0.0,0.0,0.0,0.0
0.0016025641025641025,0.0,0.0,0.0,0.0,0.0,0.0,0.0,0.0
0.0,0.0,0.0012362637362637362,0.0,0.0,0.0,0.0,0.0,0.0
0.0,0.0,0.0009615384615384616,0.0,0.0,0.0,0.0,0.0,0.0
0.0,0.0,0.0,0.0,0.0,0.0,0.002844141069397042,0.0,0.0
0.0,0.0,0.0,0.0,0.0,0.008676789587852495,0.0,0.0,0.0
0.0,0.0,0.0006868131868131869,0.0,0.0,0.0,0.0,0.0,0.0
0.0,0.0,0.0008241758241758242,0.0,0.0,0.0,0.0,0.0,0.0
0.0,0.0,0.0,0.0,0.0,0.0027114967462039045,0.0,0.0,0.0
0.0016025641025641025,0.0,0.0,0.0,0.0,0.0,0.0,0.0,0.0
0.0,0.0,0.001098901098901099,0.0,0.0,0.0,0.0,0.0,0.0
0.0012464387464387464,0.0,0.0,0.0,0.0,0.0,0.0,0.0,0.0
0.0,0.0,0.0012362637362637362,0.0,0.0,0.0,0.0,0.0,0.0
0.0,0.0,0.0,0.0,0.0,0.0,0.0022753128555176336,0.0,0.0
0.0,0.0,0.0,0.0,0.0,0.0,0.0022753128555176336,0.0,0.0
0.0,0.0,0.0,0.0,0.0,0.0,0.0,0.0,0.003538928210313448
0.0,0.0,0.0,0.0,0.0,0.0027114967462039045,0.0,0.0,0.0
0.0,0.0,0.0008241758241758242,0.0,0.0,0.0,0.0,0.0,0.0
0.0,0.0,0.0,0.0,0.0,0.0,0.0,0.0,0.0020222446916076846
0.0,0.0,0.0009615384615384616,0.0,0.0,0.0,0.0,0.0,0.0
0.0016025641025641025,0.0,0.0,0.0,0.0,0.0,0.0,0.0,0.0
0.0,0.0,0.0006868131868131869,0.0,0.0,0.0,0.0,0.0,0.0
0.0,0.0,0.0009615384615384616,0.0,0.0,0.0,0.0,0.0,0.0
0.0010683760683760685,0.0,0.0,0.0,0.0,0.0,0.0,0.0,0.0
0.0,0.0,0.0,0.0,0.002668699961875715,0.0,0.0,0.0,0.0
0.0,0.0,0.0,0.001392757660167131,0.0,0.0,0.0,0.0,0.0
0.0,0.0022311468094600626,0.0,0.0,0.0,0.0,0.0,0.0,0.0
0.0,0.008478357875948238,0.0,0.0,0.0,0.0,0.0,0.0,0.0
0.0,0.0,0.0,0.0,0.00533739992375143,0.0,0.0,0.0,0.0
0.0,0.0,0.0,0.0,0.0,0.0,0.001422070534698521,0.0,0.0
0.0,0.0,0.0,0.0,0.002287457110179184,0.0,0.0,0.0,0.0
0.0,0.0,0.0,0.0,0.002287457110179184,0.0,0.0,0.0,0.0
0.0,0.0,0.0,0.0,0.0,0.0,0.0,0.0,0.001769464105156724
0.0,0.0,0.0,0.0,0.0,0.0,0.001422070534698521,0.0,0.0
0.0,0.0,0.0,0.0,0.002287457110179184,0.0,0.0,0.0,0.0
0.0,0.0,0.0,0.0,0.0,0.0,0.0,0.0,0.0015166835187057635
0.0,0.0,0.0,0.0,0.0019062142584826535,0.0,0.0,0.0,0.0
0.0,0.0,0.0,0.0,0.0,0.0,0.0,0.003955696202531646,0.0
0.0008903133903133903,0.0,0.0,0.0,0.0,0.0,0.0,0.0,0.0
0.0014245014245014246,0.0,0.0,0.0,0.0,0.0,0.0,0.0,0.0
0.0010683760683760685,0.0,0.0,0.0,0.0,0.0,0.0,0.0,0.0
0.0,0.0,0.0,0.0,0.0,0.0,0.0,0.001977848101265823,0.0
0.0,0.0022311468094600626,0.0,0.0,0.0,0.0,0.0,0.0,0.0
0.0,0.0,0.0008241758241758242,0.0,0.0,0.0,0.0,0.0,0.0
0.0,0.0,0.0,0.0,0.0,0.0,0.0,0.001977848101265823,0.0
0.0,0.0,0.0,0.0,0.0,0.0027114967462039045,0.0,0.0,0.0
0.0,0.0,0.0,0.0,0.003431185665268776,0.0,0.0,0.0,0.0
0.0,0.0,0.0,0.0,0.0,0.0,0.0,0.0,0.0025278058645096056
0.0,0.0,0.0,0.0,0.0,0.0,0.001422070534698521,0.0,0.0
0.0,0.0,0.0,0.0,0.0,0.0,0.001422070534698521,0.0,0.0
0.0,0.0,0.0,0.0,0.0,0.0,0.0022753128555176336,0.0,0.0
0.0,0.0,0.0,0.0,0.002668699961875715,0.0,0.0,0.0,0.0
0.0,0.0,0.0,0.0,0.0,0.0,0.001422070534698521,0.0,0.0
0.0012464387464387464,0.0,0.0,0.0,0.0,0.0,0.0,0.0,0.0
0.0,0.0,0.0,0.001131615598885794,0.0,0.0,0.0,0.0,0.0
0.0,0.0,0.0,0.0,0.0,0.0,0.001422070534698521,0.0,0.0
0.0,0.0,0.0,0.0,0.0,0.0,0.0019908987485779293,0.0,0.0
0.0,0.0,0.0,0.0,0.0,0.0,0.0,0.001977848101265823,0.0
0.0,0.002677376171352075,0.0,0.0,0.0,0.0,0.0,0.0,0.0
0.0,0.0,0.0,0.0,0.0,0.0,0.0,0.0031645569620253164,0.0
0.0,0.0,0.0,0.0,0.0,0.0,0.0,0.002768987341772152,0.0
0.0,0.0,0.0,0.0,0.0,0.0,0.0,0.0,0.001769464105156724
0.0,0.0,0.0,0.0,0.0,0.0,0.0,0.0,0.002275025278058645
0.0,0.0,0.0,0.0,0.0,0.0,0.0,0.0,0.0015166835187057635
0.0,0.0,0.0,0.0,0.0,0.0,0.0,0.0,0.0012639029322548028
0.0012464387464387464,0.0,0.0,0.0,0.0,0.0,0.0,0.0,0.0
0.0,0.0,0.0,0.0,0.002668699961875715,0.0,0.0,0.0,0.0
0.002136752136752137,0.0,0.0,0.0,0.0,0.0,0.0,0.0,0.0
0.0,0.0,0.001098901098901099,0.0,0.0,0.0,0.0,0.0,0.0
0.0,0.0,0.001098901098901099,0.0,0.0,0.0,0.0,0.0,0.0
0.0,0.0,0.0,0.0,0.0,0.0,0.0,0.00435126582278481,0.0
0.0,0.0,0.0,0.0,0.0,0.0,0.001422070534698521,0.0,0.0
0.0,0.0,0.0,0.0,0.0,0.0032537960954446853,0.0,0.0,0.0
0.0,0.0,0.0,0.0,0.0,0.0,0.001422070534698521,0.0,0.0
0.0,0.0,0.0,0.0,0.0,0.0,0.0,0.0,0.0012639029322548028
0.0,0.0,0.0,0.0,0.0,0.006507592190889371,0.0,0.0,0.0
0.0,0.0,0.0,0.0,0.0,0.003796095444685466,0.0,0.0,0.0
0.0,0.0,0.0,0.0,0.0,0.003796095444685466,0.0,0.0,0.0
0.0,0.0,0.0008241758241758242,0.0,0.0,0.0,0.0,0.0,0.0
0.0,0.0,0.0019230769230769232,0.0,0.0,0.0,0.0,0.0,0.0
0.0,0.0,0.0,0.0,0.0,0.0,0.0,0.001977848101265823,0.0
0.0,0.0,0.0,0.0,0.0,0.0,0.001422070534698521,0.0,0.0
0.0,0.0,0.0,0.0,0.0,0.0,0.0,0.0,0.0020222446916076846
0.0,0.0,0.0,0.0,0.0,0.0,0.0,0.0,0.0015166835187057635
0.0010683760683760685,0.0,0.0,0.0,0.0,0.0,0.0,0.0,0.0
0.0,0.0,0.0,0.0,0.0,0.0,0.0,0.0,0.0020222446916076846
0.0,0.0,0.0,0.0,0.0,0.0027114967462039045,0.0,0.0,0.0
0.0,0.0,0.0,0.0,0.0,0.0,0.0,0.0,0.005813953488372093
0.0,0.0,0.0,0.0,0.0,0.0,0.0,0.002768987341772152,0.0
0.0,0.0,0.0,0.0,0.0,0.0,0.0,0.001977848101265823,0.0
0.0,0.0049085229808121375,0.0,0.0,0.0,0.0,0.0,0.0,0.0
0.0,0.0,0.0,0.0,0.0,0.0,0.0,0.0,0.0020222446916076846
0.002849002849002849,0.0,0.0,0.0,0.0,0.0,0.0,0.0,0.0
0.0,0.0022311468094600626,0.0,0.0,0.0,0.0,0.0,0.0,0.0
0.0,0.0,0.0,0.0,0.0,0.003796095444685466,0.0,0.0,0.0
0.0,0.0,0.0,0.0,0.0,0.0,0.0,0.002768987341772152,0.0
0.0,0.0,0.0,0.0,0.002668699961875715,0.0,0.0,0.0,0.0
0.0,0.0,0.0,0.0,0.0,0.0,0.0,0.001977848101265823,0.0
0.0,0.002677376171352075,0.0,0.0,0.0,0.0,0.0,0.0,0.0
0.0,0.0022311468094600626,0.0,0.0,0.0,0.0,0.0,0.0,0.0
0.0,0.0,0.0,0.0,0.0,0.0,0.0,0.0023734177215189874,0.0
0.0,0.0,0.0,0.0006963788300835655,0.0,0.0,0.0,0.0,0.0
0.0,0.0,0.0,0.0,0.0,0.0,0.001422070534698521,0.0,0.0
0.0,0.0,0.0,0.0,0.0,0.0,0.0022753128555176336,0.0,0.0
0.0,0.0,0.0,0.0,0.0,0.0,0.002844141069397042,0.0,0.0
0.0,0.0022311468094600626,0.0,0.0,0.0,0.0,0.0,0.0,0.0
0.0,0.0,0.0,0.0,0.0,0.0,0.001422070534698521,0.0,0.0
0.0,0.0,0.0,0.0,0.0,0.0,0.0,0.0,0.0015166835187057635
0.0,0.0,0.0,0.0,0.0,0.0,0.001422070534698521,0.0,0.0
0.0,0.0,0.0,0.0,0.0,0.0,0.001422070534698521,0.0,0.0
0.0,0.0,0.0,0.0,0.0,0.0,0.001422070534698521,0.0,0.0
0.0,0.0,0.0006868131868131869,0.0,0.0,0.0,0.0,0.0,0.0
0.0,0.0,0.0009615384615384616,0.0,0.0,0.0,0.0,0.0,0.0
0.0,0.0,0.0,0.0,0.0,0.003796095444685466,0.0,0.0,0.0
0.0,0.0,0.0,0.0,0.0,0.0,0.0,0.0,0.0012639029322548028
0.0,0.0,0.0,0.0,0.0,0.0,0.0,0.0,0.0015166835187057635
0.0,0.0022311468094600626,0.0,0.0,0.0,0.0,0.0,0.0,0.0
0.0,0.0,0.0,0.0,0.0,0.004338394793926247,0.0,0.0,0.0
0.0,0.0,0.0,0.0,0.0,0.0,0.001422070534698521,0.0,0.0
0.0,0.0,0.0,0.0,0.0,0.0,0.0,0.0,0.0012639029322548028
0.0,0.0,0.0,0.0,0.0019062142584826535,0.0,0.0,0.0,0.0
0.0,0.0,0.0,0.0,0.0,0.0,0.0,0.0023734177215189874,0.0
0.0,0.0,0.0,0.0,0.0,0.0,0.001422070534698521,0.0,0.0
0.0012464387464387464,0.0,0.0,0.0,0.0,0.0,0.0,0.0,0.0
0.0008903133903133903,0.0,0.0,0.0,0.0,0.0,0.0,0.0,0.0
0.0,0.0,0.0,0.0,0.0,0.0,0.0022753128555176336,0.0,0.0
0.0,0.0,0.0,0.0,0.0,0.0,0.001422070534698521,0.0,0.0
0.0,0.0,0.0,0.0006963788300835655,0.0,0.0,0.0,0.0,0.0
0.0,0.0,0.0,0.0,0.0,0.0,0.003697383390216155,0.0,0.0
0.0,0.0,0.0,0.0,0.002287457110179184,0.0,0.0,0.0,0.0
0.0,0.0,0.0,0.0,0.0,0.0,0.0,0.0,0.001769464105156724
0.0,0.0,0.0,0.0,0.0,0.0,0.0,0.0,0.0012639029322548028
0.0,0.0,0.0,0.0,0.0,0.004338394793926247,0.0,0.0,0.0
0.0,0.0,0.0,0.0,0.0,0.003796095444685466,0.0,0.0,0.0
0.0,0.0,0.0,0.0,0.002287457110179184,0.0,0.0,0.0,0.0
0.0,0.0,0.0,0.0005222841225626741,0.0,0.0,0.0,0.0,0.0
0.0,0.0,0.0,0.0,0.0,0.004338394793926247,0.0,0.0,0.0
0.0,0.0,0.0,0.0,0.0,0.0027114967462039045,0.0,0.0,0.0
0.0,0.0,0.0,0.0,0.0,0.0032537960954446853,0.0,0.0,0.0
0.0010683760683760685,0.0,0.0,0.0,0.0,0.0,0.0,0.0,0.0
0.0,0.0,0.0,0.0,0.0,0.0,0.001422070534698521,0.0,0.0
0.0,0.0,0.0,0.0,0.0,0.0,0.001422070534698521,0.0,0.0
0.0,0.0,0.0,0.0,0.0,0.0027114967462039045,0.0,0.0,0.0
0.0,0.0031236055332440876,0.0,0.0,0.0,0.0,0.0,0.0,0.0
0.0,0.0,0.0,0.0,0.0,0.006507592190889371,0.0,0.0,0.0
0.0,0.0,0.0,0.0,0.0,0.004338394793926247,0.0,0.0,0.0
0.0014245014245014246,0.0,0.0,0.0,0.0,0.0,0.0,0.0,0.0
0.0,0.0,0.0,0.0,0.0,0.003796095444685466,0.0,0.0,0.0
0.0,0.0,0.0,0.0,0.0,0.0,0.001422070534698521,0.0,0.0
0.0,0.0,0.0,0.0,0.0,0.0,0.001422070534698521,0.0,0.0
0.0,0.0,0.0,0.0,0.0,0.0,0.0,0.0,0.0015166835187057635
0.0,0.0,0.0,0.0,0.0019062142584826535,0.0,0.0,0.0,0.0
0.0,0.0,0.0,0.0,0.0,0.003796095444685466,0.0,0.0,0.0
0.0,0.0,0.0009615384615384616,0.0,0.0,0.0,0.0,0.0,0.0
0.0,0.0,0.0008241758241758242,0.0,0.0,0.0,0.0,0.0,0.0
0.0,0.0,0.0,0.0,0.0,0.0027114967462039045,0.0,0.0,0.0
0.0,0.0,0.0008241758241758242,0.0,0.0,0.0,0.0,0.0,0.0
0.0,0.0,0.0,0.0,0.0,0.0027114967462039045,0.0,0.0,0.0
0.0,0.0,0.0,0.0,0.0,0.0,0.0,0.0,0.0015166835187057635
0.0,0.0,0.0,0.0,0.0,0.0,0.0,0.0,0.0012639029322548028
0.0,0.0,0.0,0.0,0.0019062142584826535,0.0,0.0,0.0,0.0
0.0,0.0,0.0,0.0,0.0,0.0,0.0,0.0,0.001769464105156724
0.0,0.0,0.0,0.0,0.0,0.0,0.0,0.0,0.0015166835187057635
0.0,0.0,0.0,0.0,0.002668699961875715,0.0,0.0,0.0,0.0
0.0,0.0,0.0,0.0,0.0,0.0,0.0,0.003560126582278481,0.0
0.0,0.0,0.0,0.0,0.0,0.0,0.0,0.001977848101265823,0.0
0.0008903133903133903,0.0,0.0,0.0,0.0,0.0,0.0,0.0,0.0
0.0,0.0,0.0,0.0,0.0,0.0,0.0,0.001977848101265823,0.0
0.0,0.0,0.0,0.0,0.0,0.0027114967462039045,0.0,0.0,0.0
0.0008903133903133903,0.0,0.0,0.0,0.0,0.0,0.0,0.0,0.0
0.0010683760683760685,0.0,0.0,0.0,0.0,0.0,0.0,0.0,0.0
0.0,0.002677376171352075,0.0,0.0,0.0,0.0,0.0,0.0,0.0
0.0,0.0,0.0009615384615384616,0.0,0.0,0.0,0.0,0.0,0.0
0.0012464387464387464,0.0,0.0,0.0,0.0,0.0,0.0,0.0,0.0
0.0007122507122507123,0.0,0.0,0.0,0.0,0.0,0.0,0.0,0.0
