word_ID,topic,p,word
1,1,0.00106837606837606,typical
4,1,0.00106837606837606,3.4
10,1,0.00142450142450142,3.5
37,1,0.1525997150997151,psa
55,1,0.00569800569800569,increase
57,1,0.00783475783475783,2023
65,1,0.05163817663817664,mri
80,1,0.00106837606837606,pushed
85,1,0.03258547008547009,test
93,1,0.08173076923076923,biopsy
105,1,0.0073005698005698,prior
106,1,0.0032051282051282,benign
110,1,0.01371082621082621,symptoms
114,1,0.00195868945868945,performed
124,1,0.00302706552706552,additional
131,1,0.0032051282051282,density
135,1,0.00569800569800569,volume
136,1,0.00284900284900284,ng
150,1,0.01834045584045584,low
162,1,0.00623219373219373,size
166,1,0.00106837606837606,measured
167,1,0.00445156695156695,14
170,1,0.01175213675213675,level
173,1,0.00142450142450142,location
187,1,0.00801282051282051,enlarged
191,1,0.00783475783475783,lesions
197,1,0.00142450142450142,involves
207,1,0.00641025641025641,60
211,1,0.01157407407407407,cores
220,1,0.00249287749287749,suggest
227,1,0.00267094017094017,extra
230,1,0.00409544159544159,fast
239,1,0.00178062678062678,discovered
246,1,0.0438034188034188,doctor
256,1,0.00587606837606837,increased
306,1,0.00302706552706552,regular
318,1,0.0016025641025641,retest
320,1,0.00409544159544159,range
344,1,0.01353276353276353,levels
347,1,0.00178062678062678,law
376,1,0.00142450142450142,confused
377,1,0.01228632478632478,waiting
381,1,0.01264245014245014,appointment
384,1,0.00338319088319088,4k
385,1,0.00267094017094017,65
386,1,0.00551994301994302,rising
388,1,8.9031339031339e-4,metal
391,1,0.00106837606837606,28cc
392,1,0.00801282051282051,bph
397,1,8.9031339031339e-4,7.5
409,1,0.00106837606837606,3t
412,1,8.9031339031339e-4,monitored
413,1,0.00391737891737891,june
416,1,8.9031339031339e-4,hubby
434,1,0.00142450142450142,mess
436,1,0.00106837606837606,remaining
438,1,0.00124643874643874,1.8
439,1,0.00213675213675213,27
442,1,0.00124643874643874,factors
444,1,0.00462962962962962,targeted
445,1,0.00605413105413105,pirads
446,1,0.01442307692307692,worried
450,1,0.00676638176638176,ultrasound
474,1,0.00925925925925925,15
477,1,0.00605413105413105,18
481,1,8.9031339031339e-4,include
493,1,0.00462962962962962,2020
495,1,0.00551994301994302,2021
497,1,0.00142450142450142,rapid
502,1,0.00338319088319088,28
513,1,0.00124643874643874,yr
576,1,0.00427350427350427,multiple
581,1,0.00142450142450142,1.1
587,1,0.02777777777777777,blood
605,1,0.00249287749287749,80
616,1,0.00302706552706552,mention
630,1,0.00747863247863247,total
632,1,0.01549145299145299,free
679,1,8.9031339031339e-4,factor
689,1,0.00551994301994302,significant
719,1,0.00106837606837606,3.8
720,1,0.00124643874643874,2.2
721,1,8.9031339031339e-4,portion
722,1,8.9031339031339e-4,risen
723,1,0.00213675213675213,4.4
725,1,0.0073005698005698,antibiotics
726,1,0.00641025641025641,prostatitis
728,1,0.00534188034188034,dre
730,1,0.00124643874643874,reasonable
737,1,0.00195868945868945,annual
738,1,0.00908119658119658,tests
794,1,0.00106837606837606,happily
797,1,0.00124643874643874,pirad
800,1,0.0032051282051282,evidence
818,1,0.00142450142450142,play
822,1,8.9031339031339e-4,lead
830,1,0.00124643874643874,advise
832,1,0.00142450142450142,hey
834,1,0.00124643874643874,57
837,1,8.9031339031339e-4,watchful
842,1,0.00106837606837606,checks
860,1,0.00124643874643874,drinking
866,1,0.00106837606837606,insights
870,1,8.9031339031339e-4,fda
871,1,0.00142450142450142,biotin
872,1,0.00124643874643874,2017
882,1,8.9031339031339e-4,vitamins
893,1,8.9031339031339e-4,moderate
895,1,0.00106837606837606,decipher
907,1,0.00213675213675213,nodule
911,1,0.00124643874643874,sooner
914,1,0.00231481481481481,23
916,1,8.9031339031339e-4,possibility
930,1,0.00195868945868945,referral
932,1,0.00231481481481481,reference
944,1,0.00516381766381766,biopsies
954,1,0.00267094017094017,jump
958,1,0.00302706552706552,transperineal
968,1,0.00178062678062678,13
984,1,8.9031339031339e-4,nodules
987,1,0.00106837606837606,lobe
991,1,0.00267094017094017,guided
1000,1,8.9031339031339e-4,australia
1033,1,0.00142450142450142,37
1071,1,0.00106837606837606,frightened
1072,1,0.00284900284900284,died
1076,1,0.00178062678062678,load
1077,1,0.00213675213675213,ratio
1079,1,0.00302706552706552,rise
1080,1,0.01371082621082621,2022
1081,1,0.00231481481481481,uti
1083,1,8.9031339031339e-4,anaesthesia
1084,1,0.00445156695156695,mild
1091,1,0.00106837606837606,05
1092,1,8.9031339031339e-4,06
1095,1,0.00124643874643874,01
1104,1,8.9031339031339e-4,grandpa
1112,1,8.9031339031339e-4,meantime
1128,1,8.9031339031339e-4,targeting
1129,1,0.00142450142450142,4.5
1131,1,0.00551994301994302,april
1149,1,0.00142450142450142,save
1163,1,0.00124643874643874,finasteride
1165,1,0.00249287749287749,fusion
1166,1,0.00124643874643874,game
1179,1,0.00106837606837606,paying
1192,1,8.9031339031339e-4,51
1194,1,0.00178062678062678,7.6
1205,1,0.00195868945868945,appears
1208,1,0.00142450142450142,hernia
1258,1,0.00231481481481481,panic
1260,1,0.00231481481481481,dec
1284,1,0.00124643874643874,likelihood
1285,1,0.0016025641025641,39
1287,1,0.00213675213675213,urgency
1288,1,8.9031339031339e-4,continuing
1291,1,0.00231481481481481,july
1293,1,0.00106837606837606,review
1306,1,0.00178062678062678,2.5
1316,1,0.00551994301994302,flomax
1330,1,0.00231481481481481,chances
1347,1,0.00302706552706552,abnormal
1358,1,0.00284900284900284,trt
1359,1,0.00106837606837606,5.2
1368,1,0.00124643874643874,2.4
1407,1,0.00106837606837606,transrectal
1413,1,0.00231481481481481,surprised
1423,1,0.00231481481481481,sept
1432,1,8.9031339031339e-4,stone
1451,1,0.00124643874643874,benefit
1453,1,0.00142450142450142,07
1455,1,8.9031339031339e-4,refused
1460,1,0.00445156695156695,11
1474,1,8.9031339031339e-4,ultra
1475,1,8.9031339031339e-4,t2b
1476,1,0.00124643874643874,genomic
1484,1,0.00106837606837606,till
1487,1,8.9031339031339e-4,needless
1488,1,0.00106837606837606,freaking
1497,1,0.00142450142450142,percent
1500,1,0.00124643874643874,remains
1505,1,0.00106837606837606,yearly
1506,1,8.9031339031339e-4,freak
1527,1,8.9031339031339e-4,explanation
1539,1,0.0016025641025641,target
1540,1,0.00142450142450142,35
1543,1,0.00231481481481481,reach
1550,1,0.00142450142450142,jumped
1552,1,8.9031339031339e-4,tissues
1555,1,0.00106837606837606,labs
1558,1,0.00178062678062678,increasing
1562,1,0.00106837606837606,bounce
1568,1,0.00142450142450142,33
1570,1,0.00106837606837606,recall
1585,1,8.9031339031339e-4,7.4
1591,1,8.9031339031339e-4,replacement
1595,1,0.00124643874643874,perineum
1605,1,0.00124643874643874,1.6
1626,1,8.9031339031339e-4,brought
1640,1,8.9031339031339e-4,2014
1641,1,0.00124643874643874,03
1643,1,0.00249287749287749,09
1645,1,0.00231481481481481,02
1652,1,8.9031339031339e-4,isopsa
1653,1,0.00124643874643874,resulted
1665,1,0.0016025641025641,data
1673,1,0.0016025641025641,46
1675,1,0.00124643874643874,0.5
1684,1,0.0016025641025641,minimal
1687,1,0.00106837606837606,enlargement
1702,1,8.9031339031339e-4,4.9
1703,1,0.00142450142450142,pcp
1704,1,0.00106837606837606,alarmed
1717,1,0.00124643874643874,stats
1729,1,0.00124643874643874,decrease
1731,1,0.00213675213675213,chronic
1748,1,0.00106837606837606,oncologists
1756,1,0.00284900284900284,date
1787,1,0.00124643874643874,1.2
1788,1,8.9031339031339e-4,riding
1803,1,0.00106837606837606,repeat
1810,1,0.00142450142450142,est
1830,1,8.9031339031339e-4,grams
1833,1,8.9031339031339e-4,endocrinologist
1834,1,0.00106837606837606,roche
1837,1,0.00124643874643874,p.m
1838,1,7.1225071225071e-4,utis
2,2,0.02097278000892458,tumor
5,2,0.00312360553324408,5.5
6,2,0.00223114680946006,5.1
7,2,0.01160196340919232,cm
9,2,0.01160196340919232,ml
17,2,0.03435966086568496,grade
66,2,0.01204819277108433,findings
94,2,0.01249442213297635,extension
95,2,0.0178491744756805,prostatic
96,2,0.00981704596162427,capsule
97,2,0.0035698348951361,neurovascular
98,2,0.01695671575189647,pi
99,2,0.01695671575189647,rads
102,2,0.00847835787594823,contrast
103,2,0.00312360553324408,indication
104,2,0.00312360553324408,suspected
107,2,0.00223114680946006,hyperplasia
112,2,0.00223114680946006,comparison
113,2,0.00535475234270415,imaging
115,2,0.01026327532351628,pelvis
125,2,0.00803212851405622,image
126,2,0.00267737617135207,separate
130,2,0.01695671575189647,gland
132,2,0.00580098170459616,measures
133,2,0.00223114680946006,5.0
134,2,0.00267737617135207,4.2
138,2,0.01338688085676037,peripheral
139,2,0.02275769745649263,zone
140,2,0.00223114680946006,heterogeneous
141,2,0.00490852298081213,signal
142,2,0.00758589915216421,focal
143,2,0.03123605533244087,lesion
145,2,0.00223114680946006,scale
146,2,0.00223114680946006,appearance
147,2,0.00981704596162427,t2
148,2,0.00223114680946006,weighted
149,2,0.00535475234270415,images
153,2,0.00312360553324408,extracapsular
154,2,0.00401606425702811,invasive
155,2,0.00267737617135207,broad
157,2,0.00312360553324408,diffusion
160,2,0.00312360553324408,adc
161,2,0.00223114680946006,enhancement
165,2,0.01160196340919232,mm
168,2,0.00446229361892012,series
171,2,0.00624721106648817,base
172,2,0.00267737617135207,midgland
174,2,0.00401606425702811,medial
177,2,0.0214190093708166,invasion
178,2,0.00267737617135207,soft
180,2,0.00223114680946006,bundle
181,2,0.00223114680946006,central
182,2,0.02008032128514056,seminal
183,2,0.00758589915216421,vesicles
184,2,0.00401606425702811,unremarkable
185,2,0.04908522980812137,lymph
186,2,0.03525211958946898,nodes
188,2,0.02409638554216867,pelvic
189,2,0.00401606425702811,lymphadenopathy
190,2,0.00669344042838018,osseous
192,2,0.00446229361892012,extraprostatic
195,2,0.00446229361892012,impression
198,2,0.01204819277108433,identified
199,2,0.00624721106648817,needle
200,2,0.02231146809460062,core
201,2,0.0142793395805444,adenocarcinoma
206,2,0.01115573404730031,pattern
208,2,0.00803212851405622,carcinoma
209,2,0.00803212851405622,length
212,2,0.00312360553324408,meet
228,2,0.00223114680946006,capsular
269,2,0.03346720214190094,report
303,2,0.0035698348951361,59
554,2,0.00847835787594823,surgical
602,2,0.01249442213297635,pathology
604,2,0.00223114680946006,intact
631,2,0.00223114680946006,0.1
709,2,0.00624721106648817,sample
765,2,0.00267737617135207,break
798,2,0.00267737617135207,6mm
847,2,0.00535475234270415,apex
848,2,0.00267737617135207,detected
852,2,0.00223114680946006,resultsmy
889,2,0.0035698348951361,intraductal
890,2,0.00847835787594823,perineural
902,2,0.00267737617135207,ap
903,2,0.00624721106648817,cc
906,2,0.00401606425702811,anterior
908,2,0.00580098170459616,transition
921,2,0.01204819277108433,node
966,2,0.00223114680946006,stressed
967,2,0.00981704596162427,margins
1059,2,0.01115573404730031,vesicle
1060,2,0.00803212851405622,involvement
1073,2,0.00669344042838018,1.3
1173,2,0.01249442213297635,suspicious
1193,2,0.00490852298081213,decreased
1207,2,0.00490852298081213,bilateral
1210,2,0.00401606425702811,measuring
1211,2,0.00401606425702811,consistent
1265,2,0.00624721106648817,neck
1324,2,0.00223114680946006,0.2
1362,2,0.0071396697902722,17
1363,2,0.00223114680946006,posterolateral
1364,2,0.00401606425702811,0.9
1365,2,0.00223114680946006,restricted
1366,2,0.00446229361892012,category
1367,2,0.00267737617135207,clinically
1401,2,0.0035698348951361,cribriform
1402,2,0.00223114680946006,organ
1403,2,0.00312360553324408,confined
1441,2,0.00267737617135207,booked
1443,2,0.00446229361892012,posterior
1444,2,0.00401606425702811,lateral
1452,2,0.00401606425702811,gross
1576,2,0.00401606425702811,regional
1588,2,0.00937081659973226,involving
1589,2,0.00490852298081213,transitional
1592,2,0.00223114680946006,perineurial
1608,2,0.00401606425702811,figured
1609,2,0.00267737617135207,nyc
1614,2,0.00267737617135207,pt
1631,2,0.00223114680946006,evaluated
1651,2,0.00267737617135207,expecting
1662,2,0.00267737617135207,malignancy
1690,2,0.00223114680946006,vas
1691,2,0.00847835787594823,margin
1706,2,0.00223114680946006,t3b
1722,2,0.00267737617135207,glands
1754,2,0.00490852298081213,club
1757,2,0.00223114680946006,hopkins
1762,2,0.00267737617135207,percentage
1763,2,0.00223114680946006,lymphovascular
1769,2,0.00223114680946006,i.e
1780,2,0.00223114680946006,determined
1807,2,0.00312360553324408,acinar
1835,2,0.00267737617135207,vomiting
3,3,0.1153846153846154,prostate
16,3,0.00659340659340659,medical
21,3,0.00329670329670329,quality
22,3,0.01387362637362637,life
25,3,0.11593406593406594,cancer
28,3,0.00659340659340659,option
30,3,0.00714285714285714,body
33,3,0.0467032967032967,radiation
34,3,0.01304945054945055,hormone
61,3,0.00467032967032967,journey
70,3,0.01016483516483516,information
71,3,0.0081043956043956,support
74,3,0.00947802197802197,diagnosis
76,3,0.00288461538461538,grateful
79,3,0.00343406593406593,opinions
82,3,0.01071428571428571,treatments
90,3,8.2417582417582e-4,jan
92,3,0.00425824175824175,info
111,3,0.00288461538461538,specific
116,3,0.00151098901098901,protocol
117,3,8.2417582417582e-4,inserted
119,3,6.8681318681318e-4,administered
123,3,0.00219780219780219,addition
127,3,0.00247252747252747,including
129,3,8.2417582417582e-4,planning
151,3,8.2417582417582e-4,intensity
179,3,0.00508241758241758,tissue
194,3,0.00109890109890109,colon
210,3,8.2417582417582e-4,41
219,3,0.00192307692307692,folks
224,3,0.01222527472527472,questions
225,3,0.00151098901098901,assuming
236,3,0.00425824175824175,100
240,3,0.00164835164835164,original
251,3,0.00123626373626373,recommendation
255,3,9.6153846153846e-4,responses
259,3,0.00989010989010989,options
261,3,0.00302197802197802,decision
262,3,0.01016483516483516,experiences
267,3,6.8681318681318e-4,silly
281,3,0.00755494505494505,understand
302,3,8.2417582417582e-4,relationship
310,3,0.00151098901098901,discussed
317,3,0.00302197802197802,primary
327,3,0.00192307692307692,decide
329,3,0.04519230769230769,treatment
331,3,0.00233516483516483,external
332,3,0.00549450549450549,brachytherapy
333,3,0.00123626373626373,candidate
334,3,0.00865384615384615,active
335,3,0.00508241758241758,surveillance
338,3,0.00109890109890109,discussing
342,3,0.01923076923076923,experience
348,3,0.00123626373626373,lived
364,3,0.0037087912087912,testing
368,3,8.2417582417582e-4,hearing
382,3,0.00425824175824175,recent
420,3,0.00274725274725274,common
428,3,9.6153846153846e-4,harder
443,3,0.00398351648351648,step
449,3,8.2417582417582e-4,76
458,3,0.00123626373626373,sad
473,3,0.00151098901098901,complete
479,3,0.0103021978021978,read
480,3,0.00247252747252747,note
487,3,0.00219780219780219,hdr
490,3,9.6153846153846e-4,2015
498,3,0.00137362637362637,salvage
511,3,0.00192307692307692,understanding
515,3,9.6153846153846e-4,versus
520,3,0.00315934065934065,cyberknife
521,3,0.00288461538461538,beam
526,3,0.00123626373626373,death
528,3,0.00961538461538461,oncologist
531,3,0.00934065934065934,health
546,3,0.01332417582417582,adt
547,3,8.2417582417582e-4,orchiectomy
549,3,0.01291208791208791,effects
550,3,0.00192307692307692,guidance
551,3,8.2417582417582e-4,benefits
552,3,0.00109890109890109,risks
553,3,0.02225274725274725,therapy
556,3,0.00192307692307692,specifically
557,3,0.00137362637362637,speak
558,3,0.00219780219780219,input
559,3,0.00302197802197802,helpful
560,3,0.00178571428571428,add
561,3,0.00137362637362637,75
563,3,0.00151098901098901,space
564,3,0.00329670329670329,rectum
565,3,0.00109890109890109,gold
566,3,0.01043956043956043,procedure
568,3,0.00178571428571428,medications
578,3,0.00879120879120879,news
583,3,9.6153846153846e-4,aches
591,3,0.00151098901098901,reddit
596,3,0.00728021978021978,share
599,3,0.00109890109890109,61
603,3,0.00302197802197802,contained
609,3,0.00206043956043956,site
648,3,0.00302197802197802,recommend
656,3,0.00274725274725274,short
663,3,0.00109890109890109,literally
672,3,0.00137362637362637,world
690,3,0.00123626373626373,honest
697,3,0.00109890109890109,changing
715,3,8.2417582417582e-4,specialists
718,3,0.00302197802197802,idea
736,3,8.2417582417582e-4,semi
746,3,0.00137362637362637,team
749,3,0.00109890109890109,ny
751,3,0.00206043956043956,living
756,3,0.00467032967032967,heard
758,3,9.6153846153846e-4,article
759,3,0.00109890109890109,offer
767,3,0.00151098901098901,starts
793,3,8.2417582417582e-4,6.2
825,3,0.00206043956043956,meeting
826,3,0.00206043956043956,radiologist
831,3,9.6153846153846e-4,2.3
855,3,0.00412087912087912,70
863,3,0.00549450549450549,advance
865,3,0.00164835164835164,thankful
868,3,9.6153846153846e-4,informed
869,3,0.00137362637362637,confident
886,3,0.00151098901098901,consult
887,3,0.00329670329670329,story
899,3,0.00521978021978021,healthy
923,3,0.00288461538461538,feedback
925,3,6.8681318681318e-4,t1
927,3,9.6153846153846e-4,prayers
943,3,6.8681318681318e-4,literature
948,3,9.6153846153846e-4,track
949,3,6.8681318681318e-4,record
952,3,8.2417582417582e-4,directly
957,3,0.00535714285714285,insurance
964,3,9.6153846153846e-4,limited
965,3,0.00206043956043956,recurrence
971,3,0.00302197802197802,cells
985,3,6.8681318681318e-4,commented
989,3,0.00123626373626373,visits
990,3,6.8681318681318e-4,treatable
992,3,0.00151098901098901,job
995,3,0.00137362637362637,canada
997,3,8.2417582417582e-4,rush
999,3,6.8681318681318e-4,papers
1001,3,8.2417582417582e-4,usa
1002,3,6.8681318681318e-4,300
1004,3,8.2417582417582e-4,existing
1006,3,0.00151098901098901,intermediate
1008,3,0.00151098901098901,researching
1010,3,9.6153846153846e-4,potency
1011,3,0.00206043956043956,cure
1012,3,0.00137362637362637,robot
1013,3,0.00164835164835164,assisted
1014,3,6.8681318681318e-4,laparoscopic
1017,3,0.00137362637362637,spend
1019,3,0.00137362637362637,line
1020,3,0.00164835164835164,rate
1022,3,0.00151098901098901,bc
1023,3,0.0048076923076923,proton
1024,3,0.00302197802197802,hifu
1025,3,0.00439560439560439,term
1026,3,6.8681318681318e-4,ldr
1027,3,0.00109890109890109,radioactive
1028,3,8.2417582417582e-4,seeds
1030,3,0.00233516483516483,bowel
1031,3,0.00151098901098901,sabr
1034,3,9.6153846153846e-4,rates
1036,3,0.00178571428571428,chose
1037,3,6.8681318681318e-4,oar
1038,3,0.00137362637362637,cat
1040,3,0.00109890109890109,meaning
1044,3,9.6153846153846e-4,stated
1046,3,0.00274725274725274,future
1047,3,0.00206043956043956,covered
1052,3,0.00137362637362637,sbrt
1054,3,5.4945054945054e-4,pubmed.ncbi.nlm.nih.gov
1055,3,0.00824175824175824,risk
1070,3,8.2417582417582e-4,frankly
1082,3,0.00164835164835164,tumour
1087,3,0.00315934065934065,pca
1096,3,0.00206043956043956,considered
1102,3,5.4945054945054e-4,reports
1103,3,0.00137362637362637,top
1105,3,0.00164835164835164,survival
1108,3,9.6153846153846e-4,begin
1113,3,0.00123626373626373,6th
1115,3,0.00109890109890109,localized
1119,3,8.2417582417582e-4,52
1120,3,0.00151098901098901,71
1151,3,0.00109890109890109,hell
1154,3,0.00343406593406593,comments
1155,3,8.2417582417582e-4,utm_source
1159,3,9.6153846153846e-4,prep
1164,3,0.00137362637362637,procedures
1168,3,8.2417582417582e-4,pulled
1169,3,8.2417582417582e-4,confirm
1175,3,6.8681318681318e-4,traditional
1177,3,8.2417582417582e-4,decisions
1191,3,8.2417582417582e-4,95
1196,3,8.2417582417582e-4,68
1202,3,9.6153846153846e-4,drs
1216,3,0.00109890109890109,effective
1217,3,6.8681318681318e-4,leaning
1222,3,0.00123626373626373,simply
1229,3,0.00123626373626373,fall
1232,3,0.00137362637362637,send
1240,3,0.00109890109890109,wishes
1242,3,8.2417582417582e-4,stereotactic
1248,3,8.2417582417582e-4,scar
1252,3,0.00192307692307692,urologists
1271,3,0.00178571428571428,imrt
1279,3,0.00137362637362637,notes
1282,3,9.6153846153846e-4,btw
1286,3,0.00206043956043956,urethra
1325,3,0.00123626373626373,consultation
1326,3,0.00109890109890109,worth
1328,3,0.00192307692307692,details
1329,3,0.00219780219780219,entire
1337,3,9.6153846153846e-4,depressed
1342,3,0.00137362637362637,sounds
1346,3,0.00137362637362637,spreading
1348,3,6.8681318681318e-4,4.6
1349,3,8.2417582417582e-4,significantly
1352,3,9.6153846153846e-4,difficult
1353,3,0.00206043956043956,2nd
1354,3,0.00123626373626373,answer
1369,3,0.00109890109890109,shown
1372,3,8.2417582417582e-4,reached
1394,3,0.00233516483516483,medicine
1418,3,0.00123626373626373,bleeding
1420,3,9.6153846153846e-4,anderson
1421,3,9.6153846153846e-4,ill
1435,3,8.2417582417582e-4,awhile
1440,3,0.00233516483516483,potential
1445,3,0.00109890109890109,determine
1446,3,9.6153846153846e-4,hormones
1449,3,0.00219780219780219,run
1466,3,0.00109890109890109,spoke
1480,3,0.00302197802197802,choice
1482,3,8.2417582417582e-4,47
1486,3,9.6153846153846e-4,6.7
1492,3,0.00137362637362637,affected
1499,3,8.2417582417582e-4,apologize
1503,3,9.6153846153846e-4,gel
1504,3,9.6153846153846e-4,require
1507,3,0.00109890109890109,direction
1514,3,6.8681318681318e-4,valium
1516,3,0.00151098901098901,comfortable
1518,3,8.2417582417582e-4,larger
1519,3,0.00123626373626373,screening
1531,3,6.8681318681318e-4,cost
1541,3,9.6153846153846e-4,49
1560,3,0.00123626373626373,pros
1561,3,8.2417582417582e-4,cons
1566,3,0.00109890109890109,brachy
1573,3,6.8681318681318e-4,barrier
1580,3,9.6153846153846e-4,basic
1590,3,9.6153846153846e-4,beat
1599,3,0.00109890109890109,sepsis
1618,3,6.8681318681318e-4,topic
1625,3,8.2417582417582e-4,gut
1644,3,8.2417582417582e-4,trans
1650,3,5.4945054945054e-4,compare
1658,3,6.8681318681318e-4,radiosurgery
1660,3,9.6153846153846e-4,pains
1664,3,0.00288461538461538,single
1666,3,0.00123626373626373,expensive
1667,3,9.6153846153846e-4,biochemical
1670,3,6.8681318681318e-4,fan
1671,3,8.2417582417582e-4,house
1674,3,0.00109890109890109,recover
1676,3,0.00123626373626373,surgeons
1681,3,8.2417582417582e-4,supportive
1683,3,9.6153846153846e-4,initially
1685,3,6.8681318681318e-4,nano
1686,3,9.6153846153846e-4,knife
1707,3,8.2417582417582e-4,route
1732,3,0.00109890109890109,pocket
1733,3,0.00109890109890109,true
1742,3,8.2417582417582e-4,message
1743,3,0.00192307692307692,seeking
1775,3,6.8681318681318e-4,survivor
1776,3,9.6153846153846e-4,pbt
1817,3,9.6153846153846e-4,speaking
1818,3,8.2417582417582e-4,expectancy
1820,3,8.2417582417582e-4,hospitals
1836,3,9.6153846153846e-4,abscess
8,4,0.00348189415041782,50
27,4,0.02985724233983287,surgery
38,4,0.00121866295264623,16
39,4,0.0019150417827298,heart
42,4,0.00618036211699164,couple
43,4,0.02237116991643454,months
59,4,0.02141364902506963,ago
60,4,0.01114206128133704,started
62,4,0.00278551532033426,elevated
73,4,0.01471100278551532,days
83,4,0.02132660167130919,post
84,4,0.01088091922005571,ralp
86,4,0.00174094707520891,october
87,4,4.3523676880222e-4,5th
88,4,0.01053272980501392,month
89,4,7.8342618384401e-4,0.01
91,4,0.00574512534818941,question
100,4,0.01897632311977716,5
108,4,0.00461350974930362,lower
109,4,0.00530988857938718,urinary
118,4,0.00243732590529247,iv
137,4,0.02698467966573816,2
144,4,0.01384052924791086,1
163,4,0.00879178272980501,12
164,4,0.01314415041782729,10
169,4,0.00922701949860724,left
175,4,0.01897632311977716,6
176,4,0.00330779944289693,based
196,4,0.00261142061281337,mid
202,4,0.02358983286908078,gleason
203,4,0.03499303621169916,4
204,4,0.04543871866295265,3
205,4,0.01131615598885793,7
213,4,0.02376392757660167,urologist
214,4,0.00121866295264623,major
217,4,0.01566852367688022,week
218,4,0.00426532033426183,hoping
221,4,0.00130571030640668,steps
222,4,0.00313370473537604,radical
229,4,0.00374303621169916,opinion
244,4,0.00208913649025069,clean
249,4,0.00748607242339832,surgeon
253,4,0.00330779944289693,experienced
257,4,0.00539693593314763,positive
260,4,0.00356894150417827,hard
265,4,0.00235027855153203,greatly
266,4,0.00435236768802228,appreciated
268,4,0.00208913649025069,mentioned
270,4,0.00461350974930362,wondering
272,4,0.00261142061281337,thinking
273,4,0.00304665738161559,worry
276,4,0.00226323119777158,pre
278,4,0.00818245125348189,prostatectomy
290,4,0.00374303621169916,follow
296,4,0.0019150417827298,means
299,4,0.01096796657381615,advice
301,4,0.0028725626740947,physical
304,4,0.00243732590529247,male
307,4,6.0933147632311e-4,bloodwork
308,4,0.00182799442896935,immediately
309,4,0.00182799442896935,referred
312,4,0.00635445682451253,history
313,4,7.8342618384401e-4,mother
315,4,0.00635445682451253,due
316,4,0.01967270194986072,weeks
321,4,0.00809540389972144,age
323,4,0.008008356545961,family
324,4,0.00443941504178272,recommended
325,4,0.02045612813370473,results
326,4,0.00304665738161559,samples
328,4,0.00200208913649025,schedule
336,4,0.00113161559888579,beginning
337,4,0.00461350974930362,reading
340,4,0.00304665738161559,forward
352,4,0.00661559888579387,issues
358,4,0.00174094707520891,november
361,4,0.00426532033426183,call
363,4,0.00130571030640668,abdominal
367,4,0.00261142061281337,finally
378,4,0.00609331476323119,wait
380,4,0.00261142061281337,op
383,4,0.02176183844011142,time
387,4,0.00156685236768802,scores
390,4,0.00165389972144846,prostrate
394,4,0.00208913649025069,friday
395,4,0.01140320334261838,score
396,4,8.7047353760445e-4,values
398,4,0.00748607242339832,bit
407,4,0.00478760445682451,called
410,4,0.00121866295264623,62
411,4,0.00565807799442896,husband
414,4,0.00156685236768802,december
415,4,0.00365598885793871,morning
419,4,0.00156685236768802,possibly
422,4,0.00278551532033426,scared
429,4,0.00217618384401114,insight
431,4,0.00635445682451253,removed
440,4,0.00313370473537604,chance
441,4,0.00844359331476323,lot
447,4,0.00600626740947075,concerned
451,4,0.00322075208913649,exam
452,4,0.00165389972144846,looked
453,4,0.0068767409470752,dr
454,4,8.7047353760445e-4,google
456,4,0.00313370473537604,tomorrow
457,4,0.00113161559888579,confirmed
460,4,0.00104456824512534,husband's
471,4,6.9637883008356e-4,undergo
475,4,0.00139275766016713,minute
489,4,0.00121866295264623,yo
496,4,0.00652855153203342,pc
507,4,9.575208913649e-4,summer
512,4,0.00104456824512534,58
517,4,0.00139275766016713,concerns
518,4,0.00365598885793871,negative
542,4,0.00165389972144846,difference
577,4,0.00661559888579387,bad
579,4,0.00504874651810585,yesterday
588,4,6.0933147632311e-4,count
595,4,0.008008356545961,9
598,4,9.575208913649e-4,routine
600,4,0.00104456824512534,yrs
608,4,0.0040041782729805,recovery
610,4,0.00147980501392757,real
623,4,0.00208913649025069,makes
624,4,0.00470055710306406,doc
652,4,0.00200208913649025,half
662,4,0.00208913649025069,process
669,4,0.00165389972144846,discuss
685,4,0.00104456824512534,sense
700,4,9.575208913649e-4,monitor
705,4,0.00304665738161559,robotic
707,4,0.00121866295264623,telling
710,4,0.00261142061281337,checked
711,4,9.575208913649e-4,kidney
724,4,0.00322075208913649,suggested
729,4,0.00130571030640668,sound
754,4,0.00139275766016713,ahead
782,4,0.00113161559888579,set
783,4,0.00130571030640668,person
785,4,0.00104456824512534,machine
786,4,9.575208913649e-4,super
792,4,0.0019150417827298,current
796,4,0.00165389972144846,background
804,4,0.00121866295264623,asap
806,4,0.01209958217270195,found
808,4,0.00348189415041782,situation
809,4,8.7047353760445e-4,grandfather
810,4,0.00139275766016713,growing
811,4,0.00104456824512534,posting
813,4,0.00174094707520891,previous
814,4,0.00139275766016713,signs
821,4,0.00165389972144846,answers
823,4,0.00887883008356545,8
824,4,0.00130571030640668,remember
835,4,6.0933147632311e-4,upset
841,4,7.8342618384401e-4,checkup
846,4,0.00391713091922005,check
849,4,0.00426532033426183,20
859,4,0.00174094707520891,stopped
876,4,8.7047353760445e-4,noted
877,4,9.575208913649e-4,company
879,4,0.00182799442896935,lab
883,4,8.7047353760445e-4,discussion
891,4,0.00226323119777158,update
892,4,0.00147980501392757,talked
894,4,0.00391713091922005,expect
904,4,0.00261142061281337,24
910,4,0.00252437325905292,coming
913,4,6.0933147632311e-4,bowels
915,4,0.00104456824512534,august
917,4,0.00339484679665738,result
919,4,0.00130571030640668,huge
926,4,0.00121866295264623,bike
936,4,0.00235027855153203,march
953,4,0.00200208913649025,remove
955,4,0.00252437325905292,january
959,4,0.00156685236768802,february
973,4,0.00269846796657381,removal
975,4,0.00165389972144846,visit
978,4,0.00139275766016713,totally
982,4,0.00130571030640668,digital
983,4,0.00130571030640668,rectal
986,4,0.00165389972144846,concern
988,4,0.00147980501392757,phone
996,4,0.00147980501392757,slow
1016,4,0.00313370473537604,infection
1045,4,0.00165389972144846,slowly
1065,4,0.00269846796657381,decided
1069,4,0.00121866295264623,awaiting
1089,4,0.00226323119777158,rp
1110,4,0.00548398328690807,scheduled
1111,4,9.575208913649e-4,feb
1121,4,0.00322075208913649,radiotherapy
1130,4,9.575208913649e-4,drop
1145,4,0.00356894150417827,feels
1150,4,5.2228412256267e-4,luckily
1157,4,0.00139275766016713,complications
1160,4,0.00200208913649025,40
1199,4,0.00130571030640668,supposed
1201,4,0.00139275766016713,gp
1206,4,0.00156685236768802,initial
1215,4,0.00130571030640668,posts
1241,4,6.0933147632311e-4,1st
1246,4,7.8342618384401e-4,0.4
1277,4,0.00130571030640668,terrified
1399,4,0.00147980501392757,uro
1425,4,6.0933147632311e-4,path
1434,4,0.00104456824512534,anti
1447,4,0.00165389972144846,sign
1461,4,0.00113161559888579,alternative
1468,4,8.7047353760445e-4,scary
1493,4,0.00139275766016713,90
1509,4,0.00165389972144846,standard
1511,4,7.8342618384401e-4,fever
1535,4,0.00130571030640668,random
1537,4,0.00147980501392757,crazy
1549,4,7.8342618384401e-4,money
1559,4,0.00104456824512534,66
1624,4,5.2228412256267e-4,scheduling
1654,4,0.00104456824512534,0
1689,4,0.00139275766016713,apparently
1718,4,0.00113161559888579,clinic
1765,4,6.9637883008356e-4,outcome
1791,4,6.9637883008356e-4,internal
1799,4,5.2228412256267e-4,0.24
11,5,0.00609988562714449,pump
12,5,0.02249332825009531,starting
13,5,0.00228745711017918,pumps
18,5,0.00419367136866183,device
19,5,0.02706824247045368,start
20,5,0.01029355699580632,tips
26,5,0.00495615707205489,september
31,5,0.02096835684330918,lupron
36,5,0.00304994281357224,thankfully
40,5,0.00190621425848265,drastic
41,5,0.00457491422035836,changed
46,5,0.00190621425848265,appetite
50,5,0.01029355699580632,hot
51,5,0.00648112847884102,flashes
67,5,0.00838734273732367,met
216,5,0.00838734273732367,late
232,5,0.00266869996187571,bought
233,5,0.00266869996187571,vacuum
234,5,0.0038124285169653,erectile
238,5,0.00609988562714449,function
241,5,0.00228745711017918,box
277,5,0.00838734273732367,dealing
279,5,0.0038124285169653,pills
280,5,0.01715592832634388,sex
283,5,0.00190621425848265,intercourse
291,5,0.0137247426610751,love
300,5,0.00609988562714449,sort
401,5,0.0087685855890202,effect
402,5,0.00228745711017918,ongoing
404,5,0.00228745711017918,periods
433,5,0.0087685855890202,session
461,5,0.00609988562714449,successful
463,5,0.01448722836446816,sexual
500,5,0.00495615707205489,feet
501,5,0.00457491422035836,legs
503,5,0.01143728555089592,sessions
504,5,0.00609988562714449,ebrt
505,5,0.00800609988562714,eligard
508,5,0.00419367136866183,horrible
516,5,0.00228745711017918,worries
523,5,0.0038124285169653,continued
524,5,0.00190621425848265,sexually
527,5,0.00762485703393061,fatigue
534,5,0.01868089973313,ed
535,5,0.00190621425848265,relevant
538,5,0.00800609988562714,dry
539,5,0.00304994281357224,orgasms
562,5,0.00266869996187571,fiducial
567,5,0.02935569958063286,taking
585,5,0.00343118566526877,energy
594,5,0.00190621425848265,nov
606,5,0.00343118566526877,spared
607,5,0.00762485703393061,nerves
634,5,0.00648112847884102,water
637,5,0.00495615707205489,double
644,5,0.00609988562714449,tired
646,5,0.00266869996187571,emergency
654,5,0.00495615707205489,pay
666,5,0.01181852840259245,orgasm
670,5,0.00419367136866183,impact
671,5,0.00266869996187571,ejaculate
675,5,0.01181852840259245,erection
676,5,0.00533739992375143,viagra
678,5,0.00762485703393061,close
680,5,0.01829965688143347,plan
681,5,0.01105604269919939,cialis
683,5,0.01639344262295082,dose
687,5,0.00228745711017918,fortunately
691,5,0.00419367136866183,empty
734,5,0.00914982844071673,finished
747,5,0.00228745711017918,episode
769,5,0.00991231414410979,shot
770,5,0.00190621425848265,forget
772,5,0.00190621425848265,crap
774,5,0.00228745711017918,view
775,5,0.00228745711017918,warm
776,5,0.00495615707205489,cold
836,5,0.00228745711017918,rid
854,5,0.00724361418223408,injections
856,5,0.0137247426610751,noticed
862,5,0.00686237133053755,stay
867,5,0.01181852840259245,helped
874,5,0.00419367136866183,wrote
878,5,0.00533739992375143,supplements
884,5,0.00304994281357224,affect
885,5,0.00304994281357224,aware
897,5,0.00228745711017918,bi
909,5,0.00266869996187571,compared
912,5,0.0038124285169653,drink
938,5,0.00228745711017918,correctly
940,5,0.00457491422035836,frequency
951,5,0.00228745711017918,typically
961,5,0.00228745711017918,rare
976,5,0.00266869996187571,inability
977,5,0.00266869996187571,flaccid
979,5,0.01753717117804041,penis
1003,5,0.00800609988562714,takes
1015,5,0.00457491422035836,loss
1018,5,0.00648112847884102,success
1029,5,0.00304994281357224,kill
1032,5,0.01334349980937857,daily
1035,5,0.00686237133053755,sparing
1043,5,0.00266869996187571,christmas
1050,5,0.0038124285169653,ro
1068,5,0.00304994281357224,struggling
1075,5,0.0038124285169653,rose
1094,5,0.00190621425848265,return
1097,5,0.00266869996187571,gym
1098,5,0.00228745711017918,5x
1099,5,0.00304994281357224,seek
1106,5,0.00228745711017918,activities
1107,5,0.00190621425848265,trauma
1132,5,0.00266869996187571,mood
1158,5,0.00457491422035836,watch
1186,5,0.00495615707205489,table
1187,5,0.00228745711017918,responded
1198,5,0.00343118566526877,penile
1221,5,0.00609988562714449,previously
1238,5,0.0137247426610751,nerve
1244,5,0.01181852840259245,mg
1245,5,0.00228745711017918,doses
1249,5,0.00228745711017918,bimix
1250,5,0.0038124285169653,trimix
1251,5,0.00266869996187571,ring
1264,5,0.00266869996187571,intense
1272,5,0.00304994281357224,nausea
1273,5,0.00190621425848265,miles
1274,5,0.00228745711017918,thc
1275,5,0.00228745711017918,originally
1276,5,0.00190621425848265,hips
1278,5,0.0038124285169653,y'all
1280,5,0.00304994281357224,lol
1294,5,0.00190621425848265,noticeable
1295,5,0.00266869996187571,markers
1297,5,0.00228745711017918,clothes
1300,5,0.00190621425848265,blanket
1304,5,0.00228745711017918,gi
1311,5,0.00190621425848265,probiotics
1313,5,0.0038124285169653,reduce
1314,5,0.00228745711017918,difficulty
1318,5,0.00838734273732367,erections
1319,5,0.00571864277544796,stomach
1322,5,0.00190621425848265,oil
1331,5,0.00495615707205489,brain
1332,5,0.00228745711017918,fog
1333,5,0.00648112847884102,xtandi
1334,5,0.00190621425848265,natural
1340,5,0.00228745711017918,suffering
1375,5,0.00266869996187571,clot
1378,5,0.00648112847884102,undetectable
1379,5,0.0038124285169653,libido
1380,5,0.00190621425848265,woman
1381,5,0.00343118566526877,touch
1382,5,0.00304994281357224,decent
1383,5,0.00762485703393061,exercise
1384,5,0.00228745711017918,ability
1385,5,0.00304994281357224,rant
1414,5,0.00228745711017918,dentist
1438,5,0.00228745711017918,dealt
1456,5,0.00228745711017918,uk
1463,5,0.00228745711017918,overwhelming
1465,5,0.00343118566526877,prescription
1472,5,0.00228745711017918,battling
1491,5,0.00266869996187571,responsible
1496,5,0.00304994281357224,effort
1501,5,0.00190621425848265,shorter
1513,5,0.00304994281357224,causing
1528,5,0.00190621425848265,generic
1532,5,0.00266869996187571,pharmacy
1534,5,0.00228745711017918,ridiculous
1554,5,0.00609988562714449,wednesday
1572,5,0.00228745711017918,crossed
1575,5,0.00190621425848265,rash
1594,5,0.00228745711017918,suffer
1606,5,0.00228745711017918,failed
1613,5,0.00228745711017918,title
1615,5,0.00419367136866183,injection
1617,5,0.00343118566526877,tadalafil
1619,5,0.00266869996187571,5mg
1635,5,0.00190621425848265,600
1636,5,0.00228745711017918,dysfunction
1647,5,0.00419367136866183,drugs
1657,5,0.0038124285169653,tuesday
1661,5,0.00228745711017918,relieved
1688,5,0.00266869996187571,suggests
1692,5,0.00533739992375143,continence
1694,5,0.00228745711017918,confidence
1695,5,0.00228745711017918,pleasure
1698,5,0.00228745711017918,fingers
1700,5,0.00190621425848265,prednisone
1710,5,0.00343118566526877,lose
1715,5,0.00266869996187571,med
1730,5,0.00266869996187571,cholesterol
1760,5,0.00266869996187571,focused
1784,5,0.00190621425848265,alendronate
1793,5,0.00228745711017918,roughly
1798,5,0.00228745711017918,improving
1815,5,0.00190621425848265,fellow
1824,5,0.00190621425848265,rehab
1827,5,0.00266869996187571,tablets
14,6,0.01355748373101952,recommendations
54,6,0.00379609544468546,manage
68,6,0.02331887201735357,received
101,6,0.02603036876355748,study
120,6,0.00704989154013015,improve
122,6,0.00325379609544468,detection
152,6,0.00759219088937093,focus
156,6,0.00650759219088937,contact
158,6,0.00921908893709327,mass
215,6,0.01518438177874186,center
223,6,0.0027114967462039,key
254,6,0.0027114967462039,valuable
282,6,0.0027114967462039,accepted
286,6,0.02169197396963123,patient
287,6,0.0054229934924078,63
297,6,0.0027114967462039,sexuality
314,6,0.00650759219088937,breast
322,6,0.01355748373101952,system
393,6,0.03253796095444685,care
399,6,0.00704989154013015,nervous
455,6,0.00488069414316702,search
464,6,0.01247288503253796,na
465,6,0.02386117136659436,research
466,6,0.00867678958785249,survey
467,6,0.01084598698481561,genetic
468,6,0.01030368763557483,university
469,6,0.00488069414316702,individuals
470,6,0.01355748373101952,related
472,6,0.0027114967462039,recruiting
476,6,0.0113882863340564,online
483,6,0.00976138828633405,learn
484,6,0.03470715835140998,testosterone
485,6,0.00433839479392624,source
486,6,0.01355748373101952,treated
519,6,0.00433839479392624,48
522,6,0.0027114967462039,differences
532,6,0.00433839479392624,types
533,6,0.00867678958785249,period
555,6,0.00433839479392624,castration
589,6,0.0027114967462039,conditions
601,6,0.0027114967462039,gs
657,6,0.00867678958785249,muscle
731,6,0.00650759219088937,prostatecancer
757,6,0.00379609544468546,business
787,6,0.0054229934924078,receive
788,6,0.00379609544468546,cancers
790,6,0.00433839479392624,receiving
791,6,0.00325379609544468,provided
833,6,0.01193058568329718,community
838,6,0.00433839479392624,stages
839,6,0.0054229934924078,professional
888,6,0.0027114967462039,comment
905,6,0.00650759219088937,reported
933,6,0.01355748373101952,patients
963,6,0.00596529284164859,outcomes
1005,6,0.01030368763557483,studies
1048,6,0.0027114967462039,expert
1051,6,0.00325379609544468,articles
1053,6,0.00379609544468546,education
1057,6,0.00921908893709327,final
1088,6,0.00813449023861171,underwent
1093,6,0.0027114967462039,account
1100,6,0.00433839479392624,staging
1101,6,0.00379609544468546,explain
1116,6,0.00596529284164859,excellent
1124,6,0.0054229934924078,prevent
1125,6,0.00596529284164859,resistant
1126,6,0.00433839479392624,orgovyx
1134,6,0.00759219088937093,preview.redd.it
1135,6,0.00759219088937093,png
1136,6,0.00759219088937093,width
1137,6,0.00813449023861171,format
1138,6,0.00759219088937093,auto
1139,6,0.00759219088937093,webp
1140,6,0.00759219088937093,enabled
1141,6,0.0027114967462039,continues
1178,6,0.0054229934924078,36
1180,6,0.00704989154013015,page
1182,6,0.00704989154013015,form
1183,6,0.00379609544468546,proportion
1184,6,0.00325379609544468,decisional
1185,6,0.00650759219088937,regret
1188,6,0.0027114967462039,agreed
1190,6,0.00813449023861171,slightly
1218,6,0.00488069414316702,personal
1227,6,0.01247288503253796,drug
1235,6,0.00650759219088937,book
1236,6,0.0027114967462039,section
1237,6,0.00976138828633405,involved
1239,6,0.00325379609544468,guide
1253,6,0.00921908893709327,link
1266,6,0.00921908893709327,uc
1267,6,0.01084598698481561,san
1268,6,0.00976138828633405,diego
1269,6,0.0027114967462039,ucsd
1296,6,0.0054229934924078,spaceoar
1307,6,0.00325379609544468,access
1312,6,0.0054229934924078,fat
1360,6,0.00596529284164859,offered
1361,6,0.00488069414316702,safe
1373,6,0.00813449023861171,avoid
1386,6,0.0027114967462039,speakers
1388,6,0.00379609544468546,nyu
1389,6,0.00759219088937093,md
1392,6,0.0027114967462039,panel
1393,6,0.00921908893709327,urology
1395,6,0.0027114967462039,promise
1396,6,0.00325379609544468,podcast
1397,6,0.0054229934924078,program
1404,6,0.0027114967462039,presence
1409,6,0.0027114967462039,cover
1415,6,0.00379609544468546,immune
1436,6,0.00325379609544468,assistance
1450,6,0.0027114967462039,american
1458,6,0.00379609544468546,jpg
1459,6,0.00379609544468546,pjpg
1464,6,0.00813449023861171,treat
1495,6,0.00379609544468546,requires
1502,6,0.00596529284164859,action
1530,6,0.00379609544468546,card
1533,6,0.00704989154013015,email
1565,6,0.00379609544468546,damn
1567,6,0.0027114967462039,cancerna
1601,6,0.00433839479392624,randomly
1607,6,0.00433839479392624,retention
1612,6,0.00596529284164859,approved
1659,6,0.00488069414316702,mental
1663,6,0.00867678958785249,condition
1669,6,0.00867678958785249,medicare
1672,6,0.0027114967462039,poll
1680,6,0.0027114967462039,cope
1709,6,0.0027114967462039,win
1736,6,0.00325379609544468,video
1739,6,0.00650759219088937,androgen
1740,6,0.00379609544468546,provider
1741,6,0.00379609544468546,direct
1750,6,0.0027114967462039,doi
1758,6,0.00379609544468546,tia
1777,6,0.00379609544468546,develop
1781,6,0.00433839479392624,frequently
1796,6,0.00433839479392624,conference
1797,6,0.00379609544468546,city
1800,6,0.00433839479392624,participants
1801,6,0.0027114967462039,survivors
1802,6,0.00325379609544468,surveys
1806,6,0.0027114967462039,navigator
1808,6,0.00650759219088937,participate
1809,6,0.00433839479392624,gift
1811,6,0.00379609544468546,toronto
1816,6,0.00379609544468546,method
1819,6,0.0027114967462039,utm
1821,6,0.0027114967462039,apply
1832,6,0.0027114967462039,childhood
15,7,0.00568828213879408,mind
45,7,0.00227531285551763,keeping
56,7,0.0136518771331058,happy
58,7,0.01279863481228668,guys
63,7,0.00255972696245733,finding
64,7,0.01791808873720136,pretty
69,7,0.00199089874857792,wonderful
77,7,0.00284414106939704,middle
78,7,0.03270762229806599,feel
128,7,0.00142207053469852,analysis
159,7,0.00142207053469852,reduced
193,7,0.00483503981797497,severe
231,7,0.00255972696245733,lucky
242,7,0.00455062571103526,hand
243,7,0.00142207053469852,unusual
247,7,0.01194539249146757,hear
248,7,0.01820250284414107,people
252,7,0.00312855517633674,nice
258,7,0.00426621160409556,road
263,7,0.00398179749715585,sharing
264,7,0.0068259385665529,suggestions
275,7,0.00625711035267349,quickly
285,7,0.00227531285551763,encouraging
288,7,0.00568828213879408,ready
292,7,0.00284414106939704,leave
293,7,0.00312855517633674,partner
294,7,0.00142207053469852,wedding
295,7,0.00369738339021615,knowing
298,7,0.00284414106939704,forever
330,7,0.00369738339021615,ran
339,7,0.00369738339021615,moving
341,7,0.00341296928327645,guessing
343,7,0.01564277588168373,similar
345,7,0.00597269624573378,curious
349,7,0.00426621160409556,passed
357,7,0.01422070534698521,past
359,7,0.00511945392491467,quick
360,7,0.00284414106939704,trip
362,7,0.00625711035267349,er
365,7,0.00255972696245733,led
366,7,0.03782707622298066,told
369,7,0.00910125142207053,fine
379,7,0.00426621160409556,giving
406,7,0.0136518771331058,hope
426,7,0.01706484641638225,feeling
427,7,0.00938566552901024,worse
435,7,0.00284414106939704,sensitive
437,7,0.00369738339021615,pass
448,7,0.00255972696245733,devastated
459,7,0.0071103526734926,words
492,7,0.00398179749715585,2019
494,7,0.00369738339021615,covid
510,7,0.00142207053469852,overly
514,7,0.00597269624573378,type
525,7,0.00796359499431171,head
529,7,0.00426621160409556,wrong
540,7,0.00142207053469852,miss
541,7,0.00142207053469852,describe
543,7,0.00483503981797497,relief
544,7,0.00255972696245733,adult
545,7,0.00312855517633674,kids
580,7,0.00568828213879408,basically
582,7,0.00483503981797497,thursday
592,7,0.00312855517633674,list
593,7,0.01023890784982935,friends
619,7,0.00767918088737201,worst
620,7,0.00227531285551763,odd
622,7,0.00369738339021615,subreddit
626,7,0.00255972696245733,wall
629,7,0.00426621160409556,weight
633,7,0.00341296928327645,figure
639,7,0.00284414106939704,prepared
640,7,0.00199089874857792,surprise
649,7,0.00255972696245733,comfort
651,7,0.00255972696245733,cut
664,7,0.00398179749715585,front
665,7,0.00540386803185438,continue
667,7,0.00597269624573378,lost
668,7,0.00142207053469852,perspective
673,7,0.00255972696245733,honestly
674,7,0.00625711035267349,lots
682,7,0.00227531285551763,everyday
684,7,0.00142207053469852,opposed
686,7,0.00540386803185438,medication
688,7,0.00284414106939704,mine
695,7,0.00426621160409556,moment
696,7,0.00426621160409556,experiencing
702,7,0.00369738339021615,helps
703,7,0.00142207053469852,da
704,7,0.00142207053469852,vinci
712,7,0.00511945392491467,edit
713,7,0.00255972696245733,lives
714,7,0.00369738339021615,country
717,7,0.00995449374288964,talk
732,7,0.00255972696245733,encouragement
739,7,0.00142207053469852,deep
741,7,0.00142207053469852,saturday
744,7,0.00369738339021615,terrible
748,7,0.00341296928327645,22
752,7,0.00255972696245733,eyes
755,7,0.00511945392491467,rest
761,7,0.00255972696245733,usual
762,7,0.00255972696245733,located
763,7,0.00227531285551763,awful
766,7,0.00227531285551763,daughter
773,7,0.00312855517633674,internet
777,7,0.00398179749715585,45
789,7,0.00142207053469852,scenario
795,7,0.00398179749715585,earlier
799,7,0.00369738339021615,tumors
802,7,0.00142207053469852,tells
803,7,0.00227531285551763,irritation
805,7,0.00312855517633674,actual
807,7,0.00881683731513083,guess
812,7,0.00142207053469852,behalf
816,7,0.00284414106939704,handle
817,7,0.00284414106939704,appointments
819,7,0.00341296928327645,guy
820,7,0.00312855517633674,weird
828,7,0.00142207053469852,gun
829,7,0.00255972696245733,listen
844,7,0.00142207053469852,visited
873,7,0.00255972696245733,draw
880,7,0.00398179749715585,prepare
898,7,0.00398179749715585,53
900,7,0.00568828213879408,strong
924,7,0.00284414106939704,loved
929,7,0.00426621160409556,specialist
931,7,0.00142207053469852,truth
941,7,0.00341296928327645,eventually
945,7,0.00142207053469852,people's
946,7,0.00625711035267349,friend
947,7,0.00255972696245733,lack
950,7,0.00312855517633674,surgeries
956,7,0.00284414106939704,4th
960,7,0.00255972696245733,average
962,7,0.00455062571103526,stuff
980,7,0.00369738339021615,physician
981,7,0.00540386803185438,mom
1007,7,0.00255972696245733,choose
1009,7,0.00142207053469852,mode
1021,7,0.01478953356086462,live
1039,7,0.00568828213879408,amazing
1041,7,0.00796359499431171,deal
1056,7,0.00142207053469852,sites
1063,7,0.00540386803185438,round
1066,7,0.00199089874857792,depression
1067,7,0.00142207053469852,realistic
1090,7,0.00142207053469852,afford
1114,7,0.00312855517633674,oncology
1117,7,0.00227531285551763,approach
1133,7,0.00227531285551763,recovered
1143,7,0.00284414106939704,mark
1144,7,0.00227531285551763,accurate
1147,7,0.00369738339021615,56
1148,7,0.00312855517633674,realize
1167,7,0.00255972696245733,forum
1170,7,0.00284414106939704,shared
1171,7,0.00227531285551763,1.5
1176,7,0.00142207053469852,picked
1189,7,0.00853242320819112,change
1203,7,0.00142207053469852,severity
1214,7,0.00142207053469852,depending
1225,7,0.00426621160409556,luck
1226,7,0.0068259385665529,prescribed
1230,7,0.00142207053469852,begins
1231,7,0.00227531285551763,sister
1233,7,0.00227531285551763,straight
1234,7,0.00255972696245733,pushing
1256,7,0.00284414106939704,removing
1259,7,0.00284414106939704,swollen
1263,7,0.00284414106939704,shoulder
1289,7,0.00312855517633674,worrying
1298,7,0.00284414106939704,easy
1327,7,0.00341296928327645,anymore
1338,7,0.00227531285551763,damage
1343,7,0.00369738339021615,highly
1351,7,0.00312855517633674,absolutely
1355,7,0.02189988623435722,doctors
1356,7,0.00227531285551763,regularly
1357,7,0.00341296928327645,developed
1374,7,0.00312855517633674,caused
1376,7,0.00568828213879408,tested
1377,7,0.00312855517633674,treating
1387,7,0.00312855517633674,eat
1400,7,0.00426621160409556,reason
1406,7,0.00767918088737201,anxiety
1419,7,0.00398179749715585,glad
1422,7,0.00483503981797497,extremely
1424,7,0.00369738339021615,talking
1431,7,0.00227531285551763,parents
1433,7,0.00284414106939704,weekend
1448,7,0.00284414106939704,food
1462,7,0.00142207053469852,remission
1467,7,0.00142207053469852,unable
1477,7,0.00398179749715585,die
1478,7,0.00142207053469852,ideas
1479,7,0.00284414106939704,buy
1483,7,0.00255972696245733,afraid
1485,7,0.00142207053469852,added
1489,7,0.00369738339021615,posted
1490,7,0.00142207053469852,essentially
1494,7,0.00426621160409556,ride
1498,7,0.00199089874857792,hopeful
1517,7,0.00511945392491467,completely
1520,7,0.00255972696245733,clots
1526,7,0.00142207053469852,combo
1529,7,0.00142207053469852,prostectomy
1545,7,0.00255972696245733,optimistic
1548,7,0.00142207053469852,special
1553,7,0.00312855517633674,imagine
1556,7,0.00142207053469852,reasons
1571,7,0.00255972696245733,docs
1581,7,0.00142207053469852,shit
1583,7,0.00142207053469852,heading
1584,7,0.00142207053469852,expectations
1586,7,0.00312855517633674,72
1587,7,0.00142207053469852,adding
1621,7,0.00142207053469852,recommending
1622,7,0.00142207053469852,putting
1623,7,0.00142207053469852,sheet
1630,7,0.00255972696245733,knowledge
1638,7,0.00142207053469852,improved
1648,7,0.00227531285551763,minor
1668,7,0.00284414106939704,god
1677,7,0.00227531285551763,shape
1678,7,0.00227531285551763,required
1693,7,0.00142207053469852,lying
1697,7,0.00142207053469852,plenty
1712,7,0.00142207053469852,mayo
1713,7,0.00142207053469852,losing
1714,7,0.00227531285551763,constantly
1716,7,0.00142207053469852,vent
1719,7,0.00142207053469852,gonna
1720,7,0.00199089874857792,fighting
1735,7,0.00142207053469852,network
1737,7,0.00142207053469852,hate
1745,7,0.00142207053469852,worsen
1766,7,0.00142207053469852,progressed
1767,7,0.00227531285551763,enjoy
1768,7,0.00284414106939704,sudden
1770,7,0.00142207053469852,monitoring
1772,7,0.00142207053469852,event
1773,7,0.00142207053469852,fair
1774,7,0.00142207053469852,delay
1782,7,0.00142207053469852,decade
1786,7,0.00142207053469852,operation
1789,7,0.00227531285551763,activity
1790,7,0.00142207053469852,overweight
1792,7,0.00369738339021615,matter
1804,7,0.00142207053469852,searching
1805,7,0.00142207053469852,sadly
1812,7,0.00142207053469852,express
1813,7,0.00142207053469852,meant
23,8,0.10443037974683544,dad
24,8,0.07871835443037975,diagnosed
29,8,0.04272151898734177,spread
48,8,0.01503164556962025,bones
75,8,0.02531645569620253,chemo
81,8,0.01503164556962025,aggressive
121,8,0.01582278481012658,disease
226,8,0.04865506329113924,stage
245,8,0.06645569620253164,scan
250,8,0.00514240506329113,nearby
289,8,0.00197784810126582,fix
305,8,0.03520569620253164,recently
311,8,0.0379746835443038,father
370,8,0.00276898734177215,shock
371,8,0.03876582278481012,bone
372,8,0.03085443037974683,ct
374,8,0.01186708860759493,scans
389,8,0.00672468354430379,hip
400,8,0.00276898734177215,learning
417,8,0.00672468354430379,spot
421,8,0.00830696202531645,local
491,8,0.00672468354430379,dropped
506,8,0.00276898734177215,darolutamide
548,8,0.00949367088607595,advanced
573,8,0.00672468354430379,dad's
574,8,0.02887658227848101,pet
575,8,0.00751582278481012,mets
716,8,0.00830696202531645,brother
735,8,0.00435126582278481,therapies
827,8,0.02017405063291139,psma
840,8,0.00276898734177215,69
850,8,0.01503164556962025,metastatic
851,8,0.00276898734177215,cured
853,8,0.00712025316455696,chemotherapy
881,8,0.00632911392405063,diet
896,8,0.00474683544303797,terms
920,8,0.00197784810126582,sternum
922,8,0.00197784810126582,proceed
928,8,0.00276898734177215,trust
969,8,0.00514240506329113,prognosis
970,8,0.01344936708860759,metastasis
972,8,0.00672468354430379,provide
974,8,0.00197784810126582,convince
993,8,0.00237341772151898,73
994,8,0.00712025316455696,metastasized
1049,8,0.00791139240506329,metastases
1058,8,0.00237341772151898,extensive
1061,8,0.00909810126582278,spine
1062,8,0.00276898734177215,ribs
1064,8,0.00237341772151898,terminal
1085,8,0.00474683544303797,stable
1118,8,0.00514240506329113,caught
1127,8,0.00356012658227848,oral
1142,8,0.00276898734177215,fit
1146,8,0.00197784810126582,denial
1156,8,0.00356012658227848,father's
1161,8,0.00237341772151898,revealed
1174,8,0.0055379746835443,spots
1209,8,0.00435126582278481,region
1212,8,0.00197784810126582,kidneys
1213,8,0.00316455696202531,mixed
1224,8,0.00395569620253164,response
1228,8,0.00197784810126582,chat
1283,8,0.00514240506329113,uncle
1290,8,0.00276898734177215,triplet
1292,8,0.00356012658227848,docetaxel
1323,8,0.00514240506329113,dads
1339,8,0.00593354430379746,liver
1341,8,0.00197784810126582,exams
1344,8,0.00435126582278481,67
1345,8,0.00474683544303797,cancerous
1390,8,0.01147151898734177,clinical
1391,8,0.00870253164556962,trial
1454,8,0.00356012658227848,organs
1473,8,0.00474683544303797,64
1521,8,0.00474683544303797,rounds
1523,8,0.00237341772151898,lungs
1524,8,0.00197784810126582,enzalutamide
1538,8,0.00593354430379746,lung
1551,8,0.00197784810126582,opted
1577,8,0.00237341772151898,0.05
1610,8,0.00237341772151898,one's
1611,8,0.00197784810126582,delayed
1616,8,0.00672468354430379,zytiga
1632,8,0.00356012658227848,uptake
1633,8,0.00197784810126582,rib
1634,8,0.00474683544303797,chest
1642,8,0.00514240506329113,growth
1701,8,0.00395569620253164,appt
1705,8,0.00197784810126582,doubled
1708,8,0.00197784810126582,kettering
1721,8,0.00197784810126582,max
1723,8,0.00316455696202531,iliac
1724,8,0.00276898734177215,diffuse
1734,8,0.00435126582278481,abiraterone
1744,8,0.00197784810126582,randomized
1752,8,0.00276898734177215,pluvicto
1753,8,0.00197784810126582,srt
1759,8,0.00276898734177215,progression
1761,8,0.00197784810126582,summary
1764,8,0.00237341772151898,status
1785,8,0.00237341772151898,suddenly
1828,8,0.00356012658227848,casodex
1829,8,0.00197784810126582,germany
1831,8,0.00197784810126582,advancement
32,9,0.00404448938321536,shots
35,9,0.00631951466127401,meds
44,9,0.00480283114256825,trouble
47,9,0.05813953488372093,pain
49,9,0.0012639029322548,biggest
52,9,0.0012639029322548,skin
53,9,0.02098078867542972,night
72,9,0.00303336703741152,dark
235,9,0.00151668351870576,paid
237,9,0.01112234580384226,times
271,9,0.00227502527805864,notice
274,9,0.00556117290192113,move
284,9,0.00404448938321536,hit
319,9,0.03008088978766431,normal
346,9,0.00151668351870576,doctor's
350,9,0.00278058645096056,fairly
351,9,0.0037917087967644,drive
353,9,0.00581395348837209,bathroom
354,9,0.00202224469160768,waking
355,9,0.00631951466127401,urinating
356,9,0.01238624873609706,wife
373,9,0.00505561172901921,abdomen
375,9,0.00353892821031344,anxious
403,9,0.00328614762386248,testicle
405,9,0.00176946410515672,sitting
408,9,0.00227502527805864,afternoon
418,9,0.00328614762386248,anesthesia
423,9,0.01744186046511628,pee
424,9,0.00353892821031344,wake
425,9,0.0179474216380182,hours
430,9,0.02401415571284125,bladder
432,9,0.00707785642062689,hour
462,9,0.01390293225480283,incontinence
478,9,0.00278058645096056,completed
482,9,0.01466127401415571,home
488,9,0.00151668351870576,55
499,9,0.00303336703741152,sore
509,9,0.00429726996966632,happened
530,9,0.00859453993933265,sleep
536,9,0.00176946410515672,suspect
537,9,0.00657229524772497,issue
569,9,0.01112234580384226,minutes
570,9,0.00480283114256825,pressure
571,9,0.00631951466127401,discomfort
572,9,0.00176946410515672,lasted
584,9,0.00505561172901921,walking
586,9,0.00278058645096056,red
590,9,0.04777553083923155,day
597,9,0.0037917087967644,progress
611,9,0.01314459049544995,hospital
612,9,0.0025278058645096,wearing
613,9,0.00682507583417593,leg
614,9,0.00783619817997977,bag
615,9,0.00707785642062689,stop
617,9,0.00404448938321536,gas
618,9,0.00278058645096056,cath
621,9,0.00328614762386248,tip
625,9,0.00151668351870576,ab
627,9,0.0012639029322548,driving
628,9,0.00176946410515672,lifting
635,9,0.0096056622851365,bed
636,9,0.00151668351870576,diapers
638,9,0.00758341759352881,pads
641,9,0.00151668351870576,consistently
642,9,0.00303336703741152,pull
643,9,0.0025278058645096,leakage
645,9,0.0012639029322548,standing
647,9,0.00631951466127401,office
650,9,0.00176946410515672,wipes
653,9,0.00303336703741152,learned
655,9,0.00227502527805864,attention
658,9,0.00353892821031344,hold
659,9,0.00176946410515672,muscles
660,9,0.00682507583417593,urination
661,9,0.00808897876643073,peeing
677,9,0.00176946410515672,heavy
692,9,0.00176946410515672,fun
693,9,0.00530839231547017,happen
694,9,0.0012639029322548,gotta
698,9,0.00227502527805864,diaper
699,9,0.00303336703741152,leak
701,9,0.00581395348837209,flow
706,9,0.00202224469160768,excruciating
708,9,0.02401415571284125,urine
727,9,0.01541961577350859,30
733,9,0.00505561172901921,stories
740,9,0.00278058645096056,evening
742,9,0.00151668351870576,sunday
743,9,0.00783619817997977,urinate
745,9,0.00278058645096056,ups
750,9,0.00151668351870576,son
753,9,0.00202224469160768,hands
760,9,0.00151668351870576,nurses
764,9,0.00910010111223458,painful
768,9,0.00151668351870576,brand
771,9,0.00353892821031344,assume
778,9,0.0012639029322548,sat
779,9,0.00227502527805864,antibiotic
780,9,0.00455005055611729,25
781,9,0.0012639029322548,toilet
784,9,0.00328614762386248,running
801,9,0.00353892821031344,inflammation
815,9,0.00151668351870576,holding
843,9,0.00278058645096056,slight
845,9,0.0012639029322548,tamsulosin
857,9,0.00404448938321536,uncomfortable
858,9,0.00429726996966632,urge
861,9,0.0012639029322548,pm
864,9,0.02300303336703741,catheter
875,9,0.00657229524772497,monday
901,9,0.00480283114256825,control
918,9,0.00505561172901921,amount
934,9,0.00151668351870576,thigh
935,9,0.00278058645096056,floor
937,9,0.00202224469160768,easier
939,9,0.00176946410515672,women
942,9,0.00429726996966632,push
998,9,0.00303336703741152,spent
1042,9,0.00631951466127401,sit
1074,9,0.00151668351870576,2018
1078,9,0.00151668351870576,sharp
1086,9,0.00631951466127401,depends
1109,9,0.0012639029322548,erect
1122,9,0.00151668351870576,2013
1123,9,0.0012639029322548,paper
1152,9,0.0037917087967644,kegels
1153,9,0.00151668351870576,regain
1162,9,0.00202224469160768,cough
1172,9,0.00176946410515672,dead
1181,9,0.0012639029322548,appeared
1195,9,0.00227502527805864,poor
1197,9,0.0012639029322548,white
1200,9,0.00151668351870576,idk
1204,9,0.00353892821031344,light
1219,9,0.0012639029322548,unlike
1220,9,0.00176946410515672,easily
1223,9,0.0012639029322548,produce
1243,9,0.0012639029322548,ablative
1247,9,0.0012639029322548,filled
1254,9,0.00176946410515672,strange
1255,9,0.0012639029322548,material
1257,9,0.0012639029322548,scare
1261,9,0.00480283114256825,21
1262,9,0.00176946410515672,frustrated
1270,9,0.00808897876643073,nurse
1281,9,0.00227502527805864,ejaculation
1299,9,0.00151668351870576,lay
1301,9,0.00328614762386248,underwear
1302,9,0.00353892821031344,exercises
1303,9,0.00581395348837209,walk
1305,9,0.00151668351870576,managed
1308,9,0.0025278058645096,helping
1309,9,0.00176946410515672,movement
1310,9,0.0012639029322548,stuck
1315,9,0.00404448938321536,burning
1317,9,0.00303336703741152,symptom
1320,9,0.0012639029322548,nighttime
1321,9,0.00151668351870576,tree
1335,9,0.00176946410515672,needles
1336,9,0.00176946410515672,rough
1350,9,0.00303336703741152,stress
1370,9,0.00176946410515672,mouth
1371,9,0.0037917087967644,3rd
1398,9,0.0037917087967644,frequent
1405,9,0.00278058645096056,constant
1408,9,0.0012639029322548,waited
1410,9,0.00151668351870576,probe
1411,9,0.00176946410515672,numbing
1412,9,0.00227502527805864,barely
1416,9,0.0012639029322548,pink
1417,9,0.00606673407482305,expected
1426,9,0.00353892821031344,31
1427,9,0.00151668351870576,drain
1428,9,0.00151668351870576,happening
1429,9,0.00227502527805864,leaking
1430,9,0.00227502527805864,inside
1437,9,0.0012639029322548,context
1439,9,0.00278058645096056,semen
1442,9,0.00227502527805864,dont
1457,9,0.0012639029322548,ease
1469,9,0.00455005055611729,weak
1470,9,0.00202224469160768,incision
1471,9,0.00303336703741152,hurts
1481,9,0.00202224469160768,pro
1508,9,0.0012639029322548,missed
1510,9,0.00328614762386248,hurt
1512,9,0.0025278058645096,swelling
1515,9,0.00202224469160768,fire
1522,9,0.0012639029322548,upper
1525,9,0.00278058645096056,wear
1536,9,0.00176946410515672,attack
1542,9,0.00151668351870576,conversation
1544,9,0.0037917087967644,brothers
1546,9,0.00176946410515672,main
1547,9,0.0012639029322548,coughing
1557,9,0.0012639029322548,checking
1563,9,0.00353892821031344,tylenol
1564,9,0.00176946410515672,car
1569,9,0.00455005055611729,pad
1574,9,0.00176946410515672,sleeping
1578,9,0.0012639029322548,extreme
1579,9,0.0012639029322548,mildly
1582,9,0.00176946410515672,desk
1593,9,0.00151668351870576,dreading
1596,9,0.00151668351870576,woke
1597,9,0.00151668351870576,sick
1598,9,0.00151668351870576,pissed
1600,9,0.00227502527805864,stand
1602,9,0.00151668351870576,coverage
1603,9,0.0012639029322548,plug
1604,9,0.00176946410515672,bags
1620,9,0.0012639029322548,annoying
1627,9,0.00176946410515672,urgent
1628,9,0.00278058645096056,testicles
1629,9,0.00176946410515672,prescribe
1637,9,0.00151668351870576,arm
1639,9,0.00202224469160768,ache
1646,9,0.00151668351870576,incisions
1649,9,0.0012639029322548,instructions
1655,9,0.0012639029322548,drinks
1656,9,0.00176946410515672,pick
1679,9,0.00353892821031344,sensation
1682,9,0.00202224469160768,careful
1696,9,0.00176946410515672,moved
1699,9,0.00151668351870576,correct
1711,9,0.0025278058645096,position
1725,9,0.00176946410515672,pill
1726,9,0.00227502527805864,spasms
1727,9,0.00151668351870576,restroom
1728,9,0.0012639029322548,thinners
1738,9,0.0012639029322548,ralpi
1746,9,0.00202224469160768,breathing
1747,9,0.00151668351870576,shower
1749,9,0.00202224469160768,healing
1751,9,0.00581395348837209,stream
1755,9,0.00202224469160768,simple
1771,9,0.00151668351870576,practice
1778,9,0.0012639029322548,realized
1779,9,0.00151668351870576,testicular
1783,9,0.0012639029322548,fl
1794,9,0.00176946410515672,dull
1795,9,0.0012639029322548,scares
1814,9,0.00151668351870576,oct
1822,9,0.00151668351870576,overnight
1823,9,0.0012639029322548,improvement
1825,9,0.00176946410515672,cystoscopy
1826,9,0.00151668351870576,eggplant
